BallID,BallUniqueID,ActualBallNo,MatchID,InningsNo,BattingTeamID,TeamName,StrikerID,NonStrikerID,BatsManName,BowlerID,BowlerName,BowlerType,OverNo,OverName,BallNo,Runs,BallRuns,RunsText,ActualRuns,IsOne,IsTwo,IsThree,IsDotball,Extras,IsWide,IsNoBall,IsBye,IsLegBye,IsFour,IsSix,IsWicket,WicketType,Wickets,VideoFile,IsBowlerWicket,CommentOver,BallName,CommentStrikers,NewCommentry,Commentry,UPDCommentry,Day,SESSION_NO,IsExtra,OutBatsManID,SNO,Xpitch,Ypitch,RunRuns,IsMaiden,OverImage,BowlTypeID,BowlTypeName,ShotTypeID,ShotType,IsBouncer,IsFreeHit,BallCount,BCCheck,TotalRuns,TotalWickets,BOWLING_LINE_ID,BOWLING_LENGTH_ID,FiveHaul,HatCheck,Flag,FlagSet,PenaltyRuns,IsFifty,IsHundred,IsTwoHundred,IsHattrick
31EC6AC1-822F-4A7C-B94C-02AC2BAF4385,602134,1,1810,2,17,Mumbai Indians,2018-100mb00000000006-2cf4bba8e99b11,2021-100mb00000000743-056fd8cd648611,Rohit Sharma,2023-100mb00000002518-9a5f0c5357b311,Spencer Johnson,,1,One,1,1,1,One,1,1,0,0,0,0,0,0,0,0,0,0,0,,,MIVSKKR31032025-MI-Inn2-Over1-Ball1.mp4,0,Over 0.1,0.1,Spencer Johnson TO Rohit Sharma,Spencer Johnson to Rohit Sharma -  ONE RUN !!!,"Spencer Johnson bowling to Rohit Sharma, good length ball, pitching on leg stump, Rohit Sharma leg glances it for a single towards Deep Backward Square Leg","Spencer Johnson bowling to Rohit Sharma, good length ball, pitching on leg stump, Rohit Sharma leg glances it for a single towards Deep Backward Square Leg",1,1,0,,602134,121.50,-55.50,1,0,https://scores.bcci.tv/matchcentre/commentaryFiles/TATA-IPL-2025/Mumbai-Indians-VS-Kolkata-Knight-Riders-(31-Mar-2025)/File_2-1-602134.jpg,41,INSWINGER,54,LEG GLANCE,0,0,1,0,1,0,Leg stump,Good Length,1,2023-100mb00000002518-9a5f0c5357b311 - 0,0,0,0,0,0,0,0
F36015AF-B546-412D-B03A-2E9ABDFF8C1B,602135,2,1810,2,17,Mumbai Indians,2021-100mb00000000743-056fd8cd648611,2018-100mb00000000006-2cf4bba8e99b11,Ryan Rickelton,2023-100mb00000002518-9a5f0c5357b311,Spencer Johnson,,1,One,2,0,0,Zero,0,0,0,0,1,0,0,0,0,0,0,0,0,,,MIVSKKR31032025-MI-Inn2-Over1-Ball2.mp4,0,Over 0.2,0.2,Spencer Johnson TO Ryan Rickelton,Spencer Johnson to Ryan Rickelton - DOT BALL !!!,"Spencer Johnson bowling to Ryan Rickelton, good length ball, pitching outside off stump, Ryan Rickelton plays a forward defensive shot and is beaten","Spencer Johnson bowling to Ryan Rickelton, good length ball, pitching outside off stump, Ryan Rickelton plays a forward defensive shot and is beaten",1,1,0,,602135,121.50,-55.50,0,0,,42,OUTSWINGER,49,FORWARD DEFENCE,0,0,2,0,1,0,Outside Off stump,Good Length,0,2023-100mb00000002518-9a5f0c5357b311 - 0,0,0,0,0,0,0,0
29CD5435-FDF6-4834-BAC5-B7F4439281E2,602136,3,1810,2,17,Mumbai Indians,2021-100mb00000000743-056fd8cd648611,2018-100mb00000000006-2cf4bba8e99b11,Ryan Rickelton,2023-100mb00000002518-9a5f0c5357b311,Spencer Johnson,,1,One,3,0,0,Zero,0,0,0,0,1,0,0,0,0,0,0,0,0,,,MIVSKKR31032025-MI-Inn2-Over1-Ball3.mp4,0,Over 0.3,0.3,Spencer Johnson TO Ryan Rickelton,Spencer Johnson to Ryan Rickelton - DOT BALL !!!,"Spencer Johnson bowling to Ryan Rickelton, short of good length ball, pitching outside off stump, Ryan Rickelton plays a forward defensive shot and is beaten","Spencer Johnson bowling to Ryan Rickelton, short of good length ball, pitching outside off stump, Ryan Rickelton plays a forward defensive shot and is beaten",1,1,0,,602136,121.50,-55.50,0,0,,41,INSWINGER,49,FORWARD DEFENCE,0,0,3,0,1,0,Outside Off stump,Short of Good Length,0,2023-100mb00000002518-9a5f0c5357b311 - 0,0,0,0,0,0,0,0
66ABBEA8-905C-42DB-8D88-441DCC6A00DA,602137,4,1810,2,17,Mumbai Indians,2021-100mb00000000743-056fd8cd648611,2018-100mb00000000006-2cf4bba8e99b11,Ryan Rickelton,2023-100mb00000002518-9a5f0c5357b311,Spencer Johnson,,1,One,4,0,0,Zero,0,0,0,0,1,0,0,0,0,0,0,0,0,,,MIVSKKR31032025-MI-Inn2-Over1-Ball4.mp4,0,Over 0.4,0.4,Spencer Johnson TO Ryan Rickelton,Spencer Johnson to Ryan Rickelton - DOT BALL !!!,"Spencer Johnson bowling to Ryan Rickelton, good length ball, pitching outside off stump, Ryan Rickelton plays a defensive forward push and is beaten","Spencer Johnson bowling to Ryan Rickelton, good length ball, pitching outside off stump, Ryan Rickelton plays a defensive forward push and is beaten",1,1,0,,602137,121.50,-55.50,0,0,,42,OUTSWINGER,27,FORWARD PUSH,0,0,4,0,1,0,Outside Off stump,Good Length,0,2023-100mb00000002518-9a5f0c5357b311 - 0,0,0,0,0,0,0,0
4684A6BA-6FBF-428D-8238-F04729C824EB,602138,5,1810,2,17,Mumbai Indians,2021-100mb00000000743-056fd8cd648611,2018-100mb00000000006-2cf4bba8e99b11,Ryan Rickelton,2023-100mb00000002518-9a5f0c5357b311,Spencer Johnson,,1,One,5,0,0,Zero,0,0,0,0,1,0,0,0,0,0,0,0,0,,,MIVSKKR31032025-MI-Inn2-Over1-Ball5.mp4,0,Over 0.5,0.5,Spencer Johnson TO Ryan Rickelton,Spencer Johnson to Ryan Rickelton - DOT BALL !!!,"Spencer Johnson bowling to Ryan Rickelton, short of good length ball, pitching outside off stump, Ryan Rickelton plays a defensive back foot push and is beaten","Spencer Johnson bowling to Ryan Rickelton, short of good length ball, pitching outside off stump, Ryan Rickelton plays a defensive back foot push and is beaten",1,1,0,,602138,121.50,-55.50,0,0,,41,INSWINGER,97,BACKFOOT PUSH,0,0,5,0,1,0,Outside Off stump,Short of Good Length,0,2023-100mb00000002518-9a5f0c5357b311 - 0,0,0,0,0,0,0,0
74850595-A6D9-46C2-BA42-3C98DE2756BD,602139,6,1810,2,17,Mumbai Indians,2021-100mb00000000743-056fd8cd648611,2018-100mb00000000006-2cf4bba8e99b11,Ryan Rickelton,2023-100mb00000002518-9a5f0c5357b311,Spencer Johnson,,1,One,6,0,0,Zero,0,0,0,0,1,0,0,0,0,0,0,0,0,,,MIVSKKR31032025-MI-Inn2-Over1-Ball6.mp4,0,Over 0.6,0.6,Spencer Johnson TO Ryan Rickelton,Spencer Johnson to Ryan Rickelton - DOT BALL !!!,"Spencer Johnson bowling to Ryan Rickelton, short of good length ball, pitching outside off stump, Ryan Rickelton plays a defensive forward push, no run towards Covers","Spencer Johnson bowling to Ryan Rickelton, short of good length ball, pitching outside off stump, Ryan Rickelton plays a defensive forward push, no run towards Covers",1,1,0,,602139,102.00,22.00,0,0,,38,STRAIGHT BALL,27,FORWARD PUSH,0,0,6,0,1,0,Outside Off stump,Short of Good Length,0,2023-100mb00000002518-9a5f0c5357b311 - 0,0,0,0,0,0,0,0
F5293B67-2C39-4BD4-A635-E90F8F2F6691,602140,1,1810,2,17,Mumbai Indians,2018-100mb00000000006-2cf4bba8e99b11,2021-100mb00000000743-056fd8cd648611,Rohit Sharma,2022-100mb00000001013-30676520bcc011,Harshit Rana,,2,Two,1,0,0,Zero,0,0,0,0,1,0,0,0,0,0,0,0,0,,,MIVSKKR31032025-MI-Inn2-Over2-Ball1.mp4,0,Over 1.1,1.1,Harshit Rana TO Rohit Sharma,Harshit Rana to Rohit Sharma - DOT BALL !!!,"Harshit Rana bowling to Rohit Sharma, good length ball, pitching outside off stump, Rohit Sharma uncomfortably  plays a forward defensive shot, no run","Harshit Rana bowling to Rohit Sharma, good length ball, pitching outside off stump, Rohit Sharma uncomfortably  plays a forward defensive shot, no run",1,1,0,,602140,102.00,22.00,0,0,,41,INSWINGER,49,FORWARD DEFENCE,0,0,1,1,1,0,Outside Off stump,Good Length,1,2022-100mb00000001013-30676520bcc011 - 0,0,0,0,0,0,0,0
5D6958C3-D415-4C07-9B50-C4FD9614C05D,602141,2,1810,2,17,Mumbai Indians,2018-100mb00000000006-2cf4bba8e99b11,2021-100mb00000000743-056fd8cd648611,Rohit Sharma,2022-100mb00000001013-30676520bcc011,Harshit Rana,,2,Two,2,0,0,Zero,0,0,0,0,1,0,0,0,0,0,0,0,0,,,MIVSKKR31032025-MI-Inn2-Over2-Ball2.mp4,0,Over 1.2,1.2,Harshit Rana TO Rohit Sharma,Harshit Rana to Rohit Sharma - DOT BALL !!!,"Harshit Rana bowling to Rohit Sharma, good length ball, pitching outside off stump, Rohit Sharma uncomfortably  plays an aggressive front foot flick, no run","Harshit Rana bowling to Rohit Sharma, good length ball, pitching outside off stump, Rohit Sharma uncomfortably  plays an aggressive front foot flick, no run",1,1,0,,602141,102.00,22.00,0,0,,41,INSWINGER,40,FRONTFOOT FLICK,0,0,2,1,1,0,Outside Off stump,Good Length,0,2022-100mb00000001013-30676520bcc011 - 0,0,0,0,0,0,0,0
E5EDC65D-3BBD-4BE7-BD85-5808A49B9936,602142,3,1810,2,17,Mumbai Indians,2018-100mb00000000006-2cf4bba8e99b11,2021-100mb00000000743-056fd8cd648611,Rohit Sharma,2022-100mb00000001013-30676520bcc011,Harshit Rana,,2,Two,3,1,1,One,1,1,0,0,0,0,0,0,0,0,0,0,0,,,MIVSKKR31032025-MI-Inn2-Over2-Ball3.mp4,0,Over 1.3,1.3,Harshit Rana TO Rohit Sharma,Harshit Rana to Rohit Sharma -  ONE RUN !!!,"Harshit Rana bowling to Rohit Sharma, full toss ball, outside leg stump, Rohit Sharma plays a defensive forward push for a single towards Mid-On","Harshit Rana bowling to Rohit Sharma, full toss ball, outside leg stump, Rohit Sharma plays a defensive forward push for a single towards Mid-On",1,1,0,,602142,55.50,107.00,1,0,,39,ANGLED IN,27,FORWARD PUSH,0,0,3,1,2,0,Outside Leg stump,Full Toss,0,2022-100mb00000001013-30676520bcc011 - 0,0,0,0,0,0,0,0
096AA4DC-04E4-4ADA-B216-8FA1EE76BEC9,602143,4,1810,2,17,Mumbai Indians,2021-100mb00000000743-056fd8cd648611,2018-100mb00000000006-2cf4bba8e99b11,Ryan Rickelton,2022-100mb00000001013-30676520bcc011,Harshit Rana,,2,Two,4,1 (WD),1,One,0,0,0,0,0,1,1,0,0,0,0,0,0,,,MIVSKKR31032025-MI-Inn2-Over2-Ball4.mp4,0,Over 1.4,1.4,Harshit Rana TO Ryan Rickelton,Harshit Rana to Ryan Rickelton 1 (WD),"Harshit Rana bowling to Ryan Rickelton, short length ball, pitching on off stump, Ryan Rickelton offers no shot, 1 wide(s) gets added to the extras","Harshit Rana bowling to Ryan Rickelton, short length ball, pitching on off stump, Ryan Rickelton offers no shot, 1 wide(s) gets added to the extras",1,1,1,,602143,55.50,107.00,1,0,,30,ANGLED ACROSS,105,LEFT ALONE,0,0,4,1,3,0,Off stump,Short Length,0,2022-100mb00000001013-30676520bcc011 - 0,0,0,0,0,0,0,0
C2EB35A8-CB58-4486-9252-F35D7D116116,602144,5,1810,2,17,Mumbai Indians,2021-100mb00000000743-056fd8cd648611,2018-100mb00000000006-2cf4bba8e99b11,Ryan Rickelton,2022-100mb00000001013-30676520bcc011,Harshit Rana,,2,Two,4,1,1,One,1,1,0,0,0,0,0,0,0,0,0,0,0,,,MIVSKKR31032025-MI-Inn2-Over2-Ball5.mp4,0,Over 1.4,1.4,Harshit Rana TO Ryan Rickelton,Harshit Rana to Ryan Rickelton -  ONE RUN !!!,"Harshit Rana bowling to Ryan Rickelton, full length ball, pitching outside leg stump, Ryan Rickelton uncomfortably  plays an aggressive front foot flick for a single","Harshit Rana bowling to Ryan Rickelton, full length ball, pitching outside leg stump, Ryan Rickelton uncomfortably  plays an aggressive front foot flick for a single",1,1,0,,602144,-130.50,-55.00,1,0,,38,STRAIGHT BALL,40,FRONTFOOT FLICK,0,0,5,1,4,0,Outside Leg stump,Full Length,0,2022-100mb00000001013-30676520bcc011 - 0,0,0,0,0,0,0,0
9763FDCD-4AE9-4084-A558-57E1BA9E1101,602145,6,1810,2,17,Mumbai Indians,2018-100mb00000000006-2cf4bba8e99b11,2021-100mb00000000743-056fd8cd648611,Rohit Sharma,2022-100mb00000001013-30676520bcc011,Harshit Rana,,2,Two,5,3 (NB),3,Three,2,0,1,0,0,1,0,1,0,0,0,0,0,,,MIVSKKR31032025-MI-Inn2-Over2-Ball6.mp4,0,Over 1.5,1.5,Harshit Rana TO Rohit Sharma,Harshit Rana to Rohit Sharma 3 (NB),"Harshit Rana bowling to Rohit Sharma, yorker ball, pitching on leg stump, Rohit Sharma plays a defensive forward push , 2 No-Ball towards Wide Long-On","Harshit Rana bowling to Rohit Sharma, yorker ball, pitching on leg stump, Rohit Sharma plays a defensive forward push , 2 No-Ball towards Wide Long-On",1,1,1,,602145,112.50,147.00,3,0,,41,INSWINGER,27,FORWARD PUSH,0,0,6,1,7,0,Leg stump,Yorker,0,2022-100mb00000001013-30676520bcc011 - 0,0,0,0,0,0,0,0
0152DB2B-0F81-435E-A7C3-59CCC24FAB79,602146,7,1810,2,17,Mumbai Indians,2018-100mb00000000006-2cf4bba8e99b11,2021-100mb00000000743-056fd8cd648611,Rohit Sharma,2022-100mb00000001013-30676520bcc011,Harshit Rana,,2,Two,5,6,6,Six,6,0,0,0,0,0,0,0,0,0,0,1,0,,,MIVSKKR31032025-MI-Inn2-Over2-Ball7.mp4,0,Over 1.5,1.5,Harshit Rana TO Rohit Sharma,Harshit Rana to Rohit Sharma - SIX RUNS !!!,"Harshit Rana bowling to Rohit Sharma, full toss ball, outside off stump, Rohit Sharma plays an aggressive lofted on drive on the front foot for 6 runs towards Long-Off","<p>Harshit Rana bowling to Rohit Sharma, <span style=""color:#2980b9""><strong>FREE HIT!&nbsp;<img alt="""" src=""https://bcci-stats-sports-mechanic.s3.amazonaws.com/matchcentre/images/commentary/smiley/six.png"" style=""height:23px; width:23px"" title="""" /></strong></span> full toss ball, outside off stump, Rohit Sharma utilises the full toss and free hit to thwack the ball straight over the sightscreen for a maximum!</p>
",1,1,0,,602146,-85.50,218.00,6,0,,38,STRAIGHT BALL,11,LOFTED ON DRIVE,0,0,7,1,13,0,Outside Off stump,Full Toss,0,2022-100mb00000001013-30676520bcc011 - 0,0,0,0,0,0,0,0
D6EDCC52-5297-4EA9-BDE8-E154A4C01454,602147,8,1810,2,17,Mumbai Indians,2018-100mb00000000006-2cf4bba8e99b11,2021-100mb00000000743-056fd8cd648611,Rohit Sharma,2022-100mb00000001013-30676520bcc011,Harshit Rana,,2,Two,6,2,2,Two,2,0,1,0,0,0,0,0,0,0,0,0,0,,,MIVSKKR31032025-MI-Inn2-Over2-Ball8.mp4,0,Over 1.6,1.6,Harshit Rana TO Rohit Sharma,Harshit Rana to Rohit Sharma - TWO RUNS !!!,"Harshit Rana bowling to Rohit Sharma, short of good length ball, pitching outside off stump, Rohit Sharma plays an aggressive cut shot for 2 runs towards Deep Forward Point","Harshit Rana bowling to Rohit Sharma, short of good length ball, pitching outside off stump, Rohit Sharma plays an aggressive cut shot for 2 runs towards Deep Forward Point",1,1,0,,602147,-156.00,-15.50,2,0,,38,STRAIGHT BALL,36,CUT SHOT,0,0,8,1,15,0,Outside Off stump,Short of Good Length,0,2022-100mb00000001013-30676520bcc011 - 0,0,0,0,0,0,0,0
77CD990A-04F5-44B5-8626-9F7761BEC5CF,602148,1,1810,2,17,Mumbai Indians,2021-100mb00000000743-056fd8cd648611,2018-100mb00000000006-2cf4bba8e99b11,Ryan Rickelton,2023-100mb00000002518-9a5f0c5357b311,Spencer Johnson,,3,Three,1,2,2,Two,2,0,1,0,0,0,0,0,0,0,0,0,0,,,MIVSKKR31032025-MI-Inn2-Over3-Ball1.mp4,0,Over 2.1,2.1,Spencer Johnson TO Ryan Rickelton,Spencer Johnson to Ryan Rickelton - TWO RUNS !!!,"Spencer Johnson bowling to Ryan Rickelton, good length ball, pitching outside off stump, Ryan Rickelton aggressively plays a square drive on the front foot for 2 runs towards Deep Point","Spencer Johnson bowling to Ryan Rickelton, good length ball, pitching outside off stump, Ryan Rickelton aggressively plays a square drive on the front foot for 2 runs towards Deep Point",1,1,0,,602148,147.00,-49.50,2,0,,42,OUTSWINGER,59,FRONTFOOT SQUARE DRIVE,0,0,1,2,17,0,Outside Off stump,Good Length,1,2023-100mb00000002518-9a5f0c5357b311 - 0,0,0,0,0,0,0,0
DD1CC007-7E91-44FF-881A-2F9812D1B5C7,602149,2,1810,2,17,Mumbai Indians,2021-100mb00000000743-056fd8cd648611,2018-100mb00000000006-2cf4bba8e99b11,Ryan Rickelton,2023-100mb00000002518-9a5f0c5357b311,Spencer Johnson,,3,Three,2,4,4,Four,4,0,0,0,0,0,0,0,0,0,1,0,0,,,MIVSKKR31032025-MI-Inn2-Over3-Ball2.mp4,0,Over 2.2,2.2,Spencer Johnson TO Ryan Rickelton,Spencer Johnson to Ryan Rickelton - FOUR RUNS !!!,"Spencer Johnson bowling to Ryan Rickelton, full length ball, pitching on off stump, Ryan Rickelton uncomfortably  plays a slog shot for 4 runs","<p>Spencer Johnson bowling to Ryan Rickelton, <span style=""color:#2980b9""><strong>INSIDE EDGE BUT A FOUR! <img alt="""" src=""https://bcci-stats-sports-mechanic.s3.amazonaws.com/matchcentre/images/commentary/smiley/four.png"" style=""height:23px; width:23px"" title="""" />&nbsp;</strong></span>full length ball, pitching on off stump, Ryan Rickelton swings his bat hard, and he just gets an inside part of the bat! Deflects to the fine leg boundary!</p>
",1,1,0,,602149,-150.00,-101.00,4,0,,39,ANGLED IN,18,SLOG SHOT,0,0,2,2,21,0,Off stump,Full Length,0,2023-100mb00000002518-9a5f0c5357b311 - 0,0,0,0,0,0,0,0
E364064A-B87A-4E3C-9F5A-076D4CAABB50,602150,3,1810,2,17,Mumbai Indians,2021-100mb00000000743-056fd8cd648611,2018-100mb00000000006-2cf4bba8e99b11,Ryan Rickelton,2023-100mb00000002518-9a5f0c5357b311,Spencer Johnson,,3,Three,3,6,6,Six,6,0,0,0,0,0,0,0,0,0,0,1,0,,,MIVSKKR31032025-MI-Inn2-Over3-Ball3.mp4,0,Over 2.3,2.3,Spencer Johnson TO Ryan Rickelton,Spencer Johnson to Ryan Rickelton - SIX RUNS !!!,"Spencer Johnson bowling to Ryan Rickelton, short of good length ball, pitching outside off stump, Ryan Rickelton uncomfortably  plays an aggressive pull shot on the back foot for 6 runs","<p>Spencer Johnson bowling to Ryan Rickelton, <span style=""color:#2980b9""><strong>OUTSIDE EDGE THIS TIME!&nbsp;<img alt="""" src=""https://bcci-stats-sports-mechanic.s3.amazonaws.com/matchcentre/images/commentary/smiley/six.png"" style=""height:23px; width:23px"" title="""" /></strong></span> short of good length ball, pitching outside off stump, Ryan Rickelton goes onto slash this one hard but the outside edge takes the ball over the third man ropes!</p>
",1,1,0,,602150,64.50,-153.50,6,0,,42,OUTSWINGER,58,BACKFOOT PULL SHOT,0,0,3,2,27,0,Outside Off stump,Short of Good Length,0,2023-100mb00000002518-9a5f0c5357b311 - 0,0,0,0,0,0,0,0
068A429F-7D5A-4270-B1D7-F5555E854F36,602151,4,1810,2,17,Mumbai Indians,2021-100mb00000000743-056fd8cd648611,2018-100mb00000000006-2cf4bba8e99b11,Ryan Rickelton,2023-100mb00000002518-9a5f0c5357b311,Spencer Johnson,,3,Three,4,0,0,Zero,0,0,0,0,1,0,0,0,0,0,0,0,0,,,MIVSKKR31032025-MI-Inn2-Over3-Ball4.mp4,0,Over 2.4,2.4,Spencer Johnson TO Ryan Rickelton,Spencer Johnson to Ryan Rickelton - DOT BALL !!!,"Spencer Johnson bowling to Ryan Rickelton, short of good length ball, pitching outside off stump, Ryan Rickelton plays a slog shot and is beaten","Spencer Johnson bowling to Ryan Rickelton, short of good length ball, pitching outside off stump, Ryan Rickelton plays a slog shot and is beaten",1,1,0,,602151,64.50,-153.50,0,0,,38,STRAIGHT BALL,18,SLOG SHOT,0,0,4,2,27,0,Outside Off stump,Short of Good Length,0,2023-100mb00000002518-9a5f0c5357b311 - 0,0,0,0,0,0,0,0
7E856CB0-7247-4A04-A1AB-103BDC5F39F8,602152,5,1810,2,17,Mumbai Indians,2021-100mb00000000743-056fd8cd648611,2018-100mb00000000006-2cf4bba8e99b11,Ryan Rickelton,2023-100mb00000002518-9a5f0c5357b311,Spencer Johnson,,3,Three,5,0,0,Zero,0,0,0,0,1,0,0,0,0,0,0,0,0,,,MIVSKKR31032025-MI-Inn2-Over3-Ball5.mp4,0,Over 2.5,2.5,Spencer Johnson TO Ryan Rickelton,Spencer Johnson to Ryan Rickelton - DOT BALL !!!,"Spencer Johnson bowling to Ryan Rickelton, short of good length ball, pitching outside off stump, Ryan Rickelton uncomfortably  leg glances it, no run","Spencer Johnson bowling to Ryan Rickelton, short of good length ball, pitching outside off stump, Ryan Rickelton uncomfortably  leg glances it, no run",1,1,0,,602152,64.50,-153.50,0,0,,39,ANGLED IN,54,LEG GLANCE,0,0,5,2,27,0,Outside Off stump,Short of Good Length,0,2023-100mb00000002518-9a5f0c5357b311 - 0,0,0,0,0,0,0,0
DFB0CFD6-F0AD-4A0A-8B9C-E7F0E4660033,602153,6,1810,2,17,Mumbai Indians,2021-100mb00000000743-056fd8cd648611,2018-100mb00000000006-2cf4bba8e99b11,Ryan Rickelton,2023-100mb00000002518-9a5f0c5357b311,Spencer Johnson,,3,Three,6,1,1,One,1,1,0,0,0,0,0,0,0,0,0,0,0,,,MIVSKKR31032025-MI-Inn2-Over3-Ball6.mp4,0,Over 2.6,2.6,Spencer Johnson TO Ryan Rickelton,Spencer Johnson to Ryan Rickelton -  ONE RUN !!!,"Spencer Johnson bowling to Ryan Rickelton, short of good length ball, pitching outside off stump, Ryan Rickelton plays an aggressive off drive on the back foot for a single towards Mid-Off","Spencer Johnson bowling to Ryan Rickelton, short of good length ball, pitching outside off stump, Ryan Rickelton plays an aggressive off drive on the back foot for a single towards Mid-Off",1,1,0,,602153,58.50,105.00,1,0,,38,STRAIGHT BALL,6,BACKFOOT OFF DRIVE,0,0,6,2,28,0,Outside Off stump,Short of Good Length,0,2023-100mb00000002518-9a5f0c5357b311 - 0,0,0,0,0,0,0,0
6C345855-1810-4032-A9C7-EC56218E33B8,602154,1,1810,2,17,Mumbai Indians,2021-100mb00000000743-056fd8cd648611,2018-100mb00000000006-2cf4bba8e99b11,Ryan Rickelton,2022-100mb00000001013-30676520bcc011,Harshit Rana,,4,Four,1,0,0,Zero,0,0,0,0,1,0,0,0,0,0,0,0,0,,,MIVSKKR31032025-MI-Inn2-Over4-Ball1.mp4,0,Over 3.1,3.1,Harshit Rana TO Ryan Rickelton,Harshit Rana to Ryan Rickelton - DOT BALL !!!,"Harshit Rana bowling to Ryan Rickelton, good length ball, pitching outside leg stump, Ryan Rickelton uncomfortably  plays an aggressive lofted on drive on the front foot, no run","Harshit Rana bowling to Ryan Rickelton, good length ball, pitching outside leg stump, Ryan Rickelton uncomfortably  plays an aggressive lofted on drive on the front foot, no run",1,1,0,,602154,58.50,105.00,0,0,,38,STRAIGHT BALL,11,LOFTED ON DRIVE,0,0,1,3,28,0,Outside Leg stump,Good Length,1,2022-100mb00000001013-30676520bcc011 - 0,0,0,0,0,0,0,0
3A48288C-4610-40F0-83DE-EDDF524758B8,602155,2,1810,2,17,Mumbai Indians,2021-100mb00000000743-056fd8cd648611,2018-100mb00000000006-2cf4bba8e99b11,Ryan Rickelton,2022-100mb00000001013-30676520bcc011,Harshit Rana,,4,Four,2,4,4,Four,4,0,0,0,0,0,0,0,0,0,1,0,0,,,MIVSKKR31032025-MI-Inn2-Over4-Ball2.mp4,0,Over 3.2,3.2,Harshit Rana TO Ryan Rickelton,Harshit Rana to Ryan Rickelton - FOUR RUNS !!!,"Harshit Rana bowling to Ryan Rickelton, full length ball, pitching outside off stump, Ryan Rickelton drives it straight aggressively using the front foot for 4 runs towards Straight Long-On","<p>Harshit Rana bowling to Ryan Rickelton, <span style=""color:#2980b9""><strong>TRACERBULLET! <img alt="""" src=""https://bcci-stats-sports-mechanic.s3.amazonaws.com/matchcentre/images/commentary/smiley/four.png"" style=""height:23px; width:23px"" title="""" /> </strong></span>full length ball, pitching outside off stump, Ryan Rickelton creams this fuller one straight down the ground and the ball travels to the ropes in no time!</p>
",1,1,0,,602155,-6.00,234.00,4,0,,47,SLOWER BALL,53,FRONTFOOT STRAIGHT DRIVE,0,0,2,3,32,0,Outside Off stump,Full Length,0,2022-100mb00000001013-30676520bcc011 - 0,0,0,0,0,0,0,0
431B92EA-FE36-4CA0-97A1-227D0D351223,602156,3,1810,2,17,Mumbai Indians,2021-100mb00000000743-056fd8cd648611,2018-100mb00000000006-2cf4bba8e99b11,Ryan Rickelton,2022-100mb00000001013-30676520bcc011,Harshit Rana,,4,Four,3,6,6,Six,6,0,0,0,0,0,0,0,0,0,0,1,0,,,MIVSKKR31032025-MI-Inn2-Over4-Ball3.mp4,0,Over 3.3,3.3,Harshit Rana TO Ryan Rickelton,Harshit Rana to Ryan Rickelton - SIX RUNS !!!,"Harshit Rana bowling to Ryan Rickelton, short length ball, pitching outside leg stump, Ryan Rickelton plays an aggressive pull shot on the back foot for 6 runs towards Deep Backward Square Leg","<p>Harshit Rana bowling to Ryan Rickelton, <span style=""color:#2980b9""><strong>FIERCE STROKE! <img alt="""" src=""https://bcci-stats-sports-mechanic.s3.amazonaws.com/matchcentre/images/commentary/smiley/six.png"" style=""height:23px; width:23px"" title="""" />&nbsp;</strong></span>short length ball, pitching outside leg stump, Ryan Rickelton uses the pace and hoicks this one over deep backward square leg for a tremendous sixer!</p>
",1,1,0,,602156,-170.00,-76.50,6,0,,38,STRAIGHT BALL,58,BACKFOOT PULL SHOT,0,0,3,3,38,0,Outside Leg stump,Short Length,0,2022-100mb00000001013-30676520bcc011 - 0,0,0,0,0,0,0,0
8ECA1801-AE6E-421E-8B70-F93070000793,602157,4,1810,2,17,Mumbai Indians,2021-100mb00000000743-056fd8cd648611,2018-100mb00000000006-2cf4bba8e99b11,Ryan Rickelton,2022-100mb00000001013-30676520bcc011,Harshit Rana,,4,Four,4,0,0,Zero,0,0,0,0,1,0,0,0,0,0,0,0,0,,,MIVSKKR31032025-MI-Inn2-Over4-Ball4.mp4,0,Over 3.4,3.4,Harshit Rana TO Ryan Rickelton,Harshit Rana to Ryan Rickelton - DOT BALL !!!,"Harshit Rana bowling to Ryan Rickelton, good length ball, pitching outside off stump, Ryan Rickelton plays an aggressive lofted off drive on the front foot and is beaten","Harshit Rana bowling to Ryan Rickelton, good length ball, pitching outside off stump, Ryan Rickelton plays an aggressive lofted off drive on the front foot and is beaten",1,1,0,,602157,-170.00,-76.50,0,0,,30,ANGLED ACROSS,5,LOFTED OFF DRIVE,0,0,4,3,38,0,Outside Off stump,Good Length,0,2022-100mb00000001013-30676520bcc011 - 0,0,0,0,0,0,0,0
BCCAF625-0689-489E-84D7-D83B3541E508,602158,5,1810,2,17,Mumbai Indians,2021-100mb00000000743-056fd8cd648611,2018-100mb00000000006-2cf4bba8e99b11,Ryan Rickelton,2022-100mb00000001013-30676520bcc011,Harshit Rana,,4,Four,5,0,0,Zero,0,0,0,0,1,0,0,0,0,0,0,0,0,,,MIVSKKR31032025-MI-Inn2-Over4-Ball5.mp4,0,Over 3.5,3.5,Harshit Rana TO Ryan Rickelton,Harshit Rana to Ryan Rickelton - DOT BALL !!!,"Harshit Rana bowling to Ryan Rickelton, good length ball, pitching outside leg stump, Ryan Rickelton uncomfortably  leg glances it, no run","Harshit Rana bowling to Ryan Rickelton, good length ball, pitching outside leg stump, Ryan Rickelton uncomfortably  leg glances it, no run",1,1,0,,602158,49.00,-66.00,0,0,,38,STRAIGHT BALL,54,LEG GLANCE,0,0,5,3,38,0,Outside Leg stump,Good Length,0,2022-100mb00000001013-30676520bcc011 - 0,0,0,0,0,0,0,0
A7959324-8483-4B2A-A817-36D8D75A1267,602159,6,1810,2,17,Mumbai Indians,2021-100mb00000000743-056fd8cd648611,2018-100mb00000000006-2cf4bba8e99b11,Ryan Rickelton,2022-100mb00000001013-30676520bcc011,Harshit Rana,,4,Four,6,4,4,Four,4,0,0,0,0,0,0,0,0,0,1,0,0,,,MIVSKKR31032025-MI-Inn2-Over4-Ball6.mp4,0,Over 3.6,3.6,Harshit Rana TO Ryan Rickelton,Harshit Rana to Ryan Rickelton - FOUR RUNS !!!,"Harshit Rana bowling to Ryan Rickelton, full toss ball, on off stump, Ryan Rickelton plays an aggressive off drive on the front foot for 4 runs towards Long-Off","<p>Harshit Rana bowling to Ryan Rickelton, <span style=""color:#2980b9""><strong>14 RUNS OFF THE OVER! <img alt="""" src=""https://bcci-stats-sports-mechanic.s3.amazonaws.com/matchcentre/images/commentary/smiley/four.png"" style=""height:23px; width:23px"" title="""" />&nbsp;</strong></span>full toss ball, on off stump, Ryan Rickelton stamps his foot forward and drives it past the bowler for a four!</p>
",1,1,0,,602159,61.00,222.00,4,0,,38,STRAIGHT BALL,84,FRONTFOOT OFF DRIVE,0,0,6,3,42,0,Off stump,Full Toss,0,2022-100mb00000001013-30676520bcc011 - 0,0,0,0,0,0,0,0
B4069DB1-6F50-4E0E-846B-2EF18FB8E48E,602160,1,1810,2,17,Mumbai Indians,2018-100mb00000000006-2cf4bba8e99b11,2021-100mb00000000743-056fd8cd648611,Rohit Sharma,2019-100mb00000000140-a41b85f2449d11,Varun Chakaravarthy,,5,Five,1,0,0,Zero,0,0,0,0,1,0,0,0,0,0,0,0,0,,,MIVSKKR31032025-MI-Inn2-Over5-Ball1.mp4,0,Over 4.1,4.1,Varun Chakaravarthy TO Rohit Sharma,Varun Chakaravarthy to Rohit Sharma - DOT BALL !!!,"Varun Chakaravarthy bowling to Rohit Sharma, good length ball, pitching outside off stump, Rohit Sharma plays a defensive forward push, no run towards Mid-Wicket","Varun Chakaravarthy bowling to Rohit Sharma, good length ball, pitching outside off stump, Rohit Sharma plays a defensive forward push, no run towards Mid-Wicket",1,1,0,,602160,67.50,66.50,0,0,,25,OFF SPIN,27,FORWARD PUSH,0,0,1,4,42,0,Outside Off stump,Good Length,1,2019-100mb00000000140-a41b85f2449d11 - 0,0,0,0,0,0,0,0
24C36C41-B25F-4F4A-9FA7-62D65D69F57A,602161,2,1810,2,17,Mumbai Indians,2018-100mb00000000006-2cf4bba8e99b11,2021-100mb00000000743-056fd8cd648611,Rohit Sharma,2019-100mb00000000140-a41b85f2449d11,Varun Chakaravarthy,,5,Five,2,0,0,Zero,0,0,0,0,1,0,0,0,0,0,0,0,0,,,MIVSKKR31032025-MI-Inn2-Over5-Ball2.mp4,0,Over 4.2,4.2,Varun Chakaravarthy TO Rohit Sharma,Varun Chakaravarthy to Rohit Sharma - DOT BALL !!!,"Varun Chakaravarthy bowling to Rohit Sharma, short of good length ball, pitching outside off stump, Rohit Sharma uncomfortably  plays an aggressive pull shot on the back foot, no run","Varun Chakaravarthy bowling to Rohit Sharma, short of good length ball, pitching outside off stump, Rohit Sharma uncomfortably  plays an aggressive pull shot on the back foot, no run",1,1,0,,602161,67.50,66.50,0,0,,24,LEG SPIN,58,BACKFOOT PULL SHOT,0,0,2,4,42,0,Outside Off stump,Short of Good Length,0,2019-100mb00000000140-a41b85f2449d11 - 0,0,0,0,0,0,0,0
85CC5149-B158-4AB2-93CA-6B46BA9C71E9,602162,3,1810,2,17,Mumbai Indians,2018-100mb00000000006-2cf4bba8e99b11,2021-100mb00000000743-056fd8cd648611,Rohit Sharma,2019-100mb00000000140-a41b85f2449d11,Varun Chakaravarthy,,5,Five,3,1,1,One,1,1,0,0,0,0,0,0,0,0,0,0,0,,,MIVSKKR31032025-MI-Inn2-Over5-Ball3.mp4,0,Over 4.3,4.3,Varun Chakaravarthy TO Rohit Sharma,Varun Chakaravarthy to Rohit Sharma -  ONE RUN !!!,"Varun Chakaravarthy bowling to Rohit Sharma, full length ball, pitching on leg stump, Rohit Sharma plays an aggressive front foot flick for a single towards Deep Square Leg","Varun Chakaravarthy bowling to Rohit Sharma, full length ball, pitching on leg stump, Rohit Sharma plays an aggressive front foot flick for a single towards Deep Square Leg",1,1,0,,602162,132.50,-34.00,1,0,,24,LEG SPIN,40,FRONTFOOT FLICK,0,0,3,4,43,0,Leg stump,Full Length,0,2019-100mb00000000140-a41b85f2449d11 - 0,0,0,0,0,0,0,0
89D2ADEE-238B-4FC2-ACC0-52EF7225B3CA,602163,4,1810,2,17,Mumbai Indians,2021-100mb00000000743-056fd8cd648611,2018-100mb00000000006-2cf4bba8e99b11,Ryan Rickelton,2019-100mb00000000140-a41b85f2449d11,Varun Chakaravarthy,,5,Five,4,0,0,Zero,0,0,0,0,1,0,0,0,0,0,0,0,0,,,MIVSKKR31032025-MI-Inn2-Over5-Ball4.mp4,0,Over 4.4,4.4,Varun Chakaravarthy TO Ryan Rickelton,Varun Chakaravarthy to Ryan Rickelton - DOT BALL !!!,"Varun Chakaravarthy bowling to Ryan Rickelton, good length ball, pitching outside off stump, Ryan Rickelton plays an aggressive cut shot, straight to the fielder  towards Cover Point","Varun Chakaravarthy bowling to Ryan Rickelton, good length ball, pitching outside off stump, Ryan Rickelton plays an aggressive cut shot, straight to the fielder  towards Cover Point",1,1,0,,602163,95.50,1.00,0,0,,24,LEG SPIN,36,CUT SHOT,0,0,4,4,43,0,Outside Off stump,Good Length,0,2019-100mb00000000140-a41b85f2449d11 - 0,0,0,0,0,0,0,0
F37E7DF7-AC65-4195-BC49-7F8905F06041,602164,5,1810,2,17,Mumbai Indians,2021-100mb00000000743-056fd8cd648611,2018-100mb00000000006-2cf4bba8e99b11,Ryan Rickelton,2019-100mb00000000140-a41b85f2449d11,Varun Chakaravarthy,,5,Five,5,1,1,One,1,1,0,0,0,0,0,0,0,0,0,0,0,,,MIVSKKR31032025-MI-Inn2-Over5-Ball5.mp4,0,Over 4.5,4.5,Varun Chakaravarthy TO Ryan Rickelton,Varun Chakaravarthy to Ryan Rickelton -  ONE RUN !!!,"Varun Chakaravarthy bowling to Ryan Rickelton, good length ball, pitching outside off stump, Ryan Rickelton plays a defensive back foot push for a single towards Wide Long-On","Varun Chakaravarthy bowling to Ryan Rickelton, good length ball, pitching outside off stump, Ryan Rickelton plays a defensive back foot push for a single towards Wide Long-On",1,1,0,,602164,-95.00,149.00,1,0,,24,LEG SPIN,97,BACKFOOT PUSH,0,0,5,4,44,0,Outside Off stump,Good Length,0,2019-100mb00000000140-a41b85f2449d11 - 0,0,0,0,0,0,0,0
68E34388-85FA-4102-816A-C54A148E96AB,602165,6,1810,2,17,Mumbai Indians,2018-100mb00000000006-2cf4bba8e99b11,2021-100mb00000000743-056fd8cd648611,Rohit Sharma,2019-100mb00000000140-a41b85f2449d11,Varun Chakaravarthy,,5,Five,6,0,0,Zero,0,0,0,0,1,0,0,0,0,0,0,0,0,,,MIVSKKR31032025-MI-Inn2-Over5-Ball6.mp4,0,Over 4.6,4.6,Varun Chakaravarthy TO Rohit Sharma,Varun Chakaravarthy to Rohit Sharma - DOT BALL !!!,"Varun Chakaravarthy bowling to Rohit Sharma, good length ball, pitching outside off stump, Rohit Sharma uncomfortably  plays a defensive forward push, no run","Varun Chakaravarthy bowling to Rohit Sharma, good length ball, pitching outside off stump, Rohit Sharma uncomfortably  plays a defensive forward push, no run",1,1,0,,602165,-56.50,31.00,0,0,,24,LEG SPIN,27,FORWARD PUSH,0,0,6,4,44,0,Outside Off stump,Good Length,0,2019-100mb00000000140-a41b85f2449d11 - 0,0,0,0,0,0,0,0
2F95BE86-830F-47A3-98A3-5CBCBED2D8D6,602166,1,1810,2,17,Mumbai Indians,2021-100mb00000000743-056fd8cd648611,2018-100mb00000000006-2cf4bba8e99b11,Ryan Rickelton,2019-100mb00000000141-e67c41d144a711,Andre Russell,,6,Six,1,1 (NB),1,One,0,0,0,0,1,1,0,1,0,0,0,0,0,,,MIVSKKR31032025-MI-Inn2-Over6-Ball1.mp4,0,Over 5.1,5.1,Andre Russell TO Ryan Rickelton,Andre Russell to Ryan Rickelton 1 (NB),"Andre Russell bowling to Ryan Rickelton, short of good length ball, pitching outside off stump, Ryan Rickelton plays an aggressive lofted cover drive on the front foot,  No-Ball and is beaten","Andre Russell bowling to Ryan Rickelton, short of good length ball, pitching outside off stump, Ryan Rickelton plays an aggressive lofted cover drive on the front foot,  No-Ball and is beaten",1,1,1,,602166,-56.50,31.00,1,0,,30,ANGLED ACROSS,15,LOFTED COVER DRIVE,0,0,1,5,45,0,Outside Off stump,Short of Good Length,1,2019-100mb00000000141-e67c41d144a711 - 0,0,0,0,0,0,0,0
81787182-AAA8-4C4F-9056-394EDB0F8A58,602167,2,1810,2,17,Mumbai Indians,2021-100mb00000000743-056fd8cd648611,2018-100mb00000000006-2cf4bba8e99b11,Ryan Rickelton,2019-100mb00000000141-e67c41d144a711,Andre Russell,,6,Six,1,1,1,One,1,1,0,0,0,0,0,0,0,0,0,0,0,,,MIVSKKR31032025-MI-Inn2-Over6-Ball2.mp4,0,Over 5.1,5.1,Andre Russell TO Ryan Rickelton,Andre Russell to Ryan Rickelton -  ONE RUN !!!,"Andre Russell bowling to Ryan Rickelton, good length ball, pitching on leg stump, Ryan Rickelton uncomfortably  plays an aggressive lofted on drive on the front foot for a single","Andre Russell bowling to Ryan Rickelton, good length ball, pitching on leg stump, Ryan Rickelton uncomfortably  plays an aggressive lofted on drive on the front foot for a single",1,1,0,,602167,-79.00,169.50,1,0,,38,STRAIGHT BALL,11,LOFTED ON DRIVE,0,0,2,5,46,0,Leg stump,Good Length,0,2019-100mb00000000141-e67c41d144a711 - 0,0,0,0,0,0,0,0
C3515DBA-8A8D-4966-A782-5F516F0CF47E,602168,3,1810,2,17,Mumbai Indians,2018-100mb00000000006-2cf4bba8e99b11,2021-100mb00000000743-056fd8cd648611,Rohit Sharma,2019-100mb00000000141-e67c41d144a711,Andre Russell,,6,Six,2,0 WK,W,Wicket,0,0,0,0,1,0,0,0,0,0,0,0,1,Caught,WICKET,MIVSKKR31032025-MI-Inn2-Over6-Ball3.mp4,1,Over 5.2,5.2,Andre Russell TO Rohit Sharma,Andre Russell to Rohit Sharma Wicket ,"Andre Russell bowling to Rohit Sharma, short length ball, pitching outside off stump, Rohit Sharma plays an aggressive pull shot on the back foot WICKET Rohit Sharma c Harshit Rana b Andre Russell (Mumbai Indians 46 Runs for 1 wickets) towards Deep Mid-Off","<p>Andre Russell bowling to Rohit Sharma, <span style=""color:#8e44ad""><strong>RUSSELL WITH THE WICKET OF HITMAN! <img alt="""" src=""https://bcci-stats-sports-mechanic.s3.amazonaws.com/matchcentre/images/commentary/smiley/one.png"" style=""height:23px; width:23px"" title="""" />&nbsp;</strong></span>short length ball, pitching outside off stump, That is a widish length ball to which Rohit Sharma flat bats! It hits the bottom of the bat and goes flat to the mid-off fielder&#39;s hands!<br />
<strong>WICKET Rohit Sharma c Harshit Rana b Andre Russell (Mumbai Indians 46 Runs for 1 wicket)</strong></p>
",1,1,0,2018-100mb00000000006-2cf4bba8e99b11,602168,-44.00,134.00,0,0,,38,STRAIGHT BALL,58,BACKFOOT PULL SHOT,0,0,3,5,46,1,Outside Off stump,Short Length,1,2019-100mb00000000141-e67c41d144a711 - 1,0,0,0,0,0,0,0
96959E7E-3B60-4255-8FC3-D79294DBCF0F,602169,4,1810,2,17,Mumbai Indians,2023-100mb00000001941-9401571cc40411,2021-100mb00000000743-056fd8cd648611,Will Jacks,2019-100mb00000000141-e67c41d144a711,Andre Russell,,6,Six,3,1,1,One,1,1,0,0,0,0,0,0,0,0,0,0,0,,,MIVSKKR31032025-MI-Inn2-Over6-Ball4.mp4,0,Over 5.3,5.3,Andre Russell TO Will Jacks,Andre Russell to Will Jacks -  ONE RUN !!!,"Andre Russell bowling to Will Jacks, short of good length ball, pitching outside off stump, Will Jacks plays an aggressive square drive on back foot for a single towards Deep Point","Andre Russell bowling to Will Jacks, short of good length ball, pitching outside off stump, Will Jacks plays an aggressive square drive on back foot for a single towards Deep Point",1,1,0,,602169,-149.00,-49.00,1,0,,38,STRAIGHT BALL,16,BACKFOOT SQUARE DRIVE,0,0,4,5,47,1,Outside Off stump,Short of Good Length,2,2019-100mb00000000141-e67c41d144a711 - 0,0,0,0,0,0,0,0
9A2DFCC5-BD1E-4095-9E04-18EF3FD4B41D,602170,5,1810,2,17,Mumbai Indians,2021-100mb00000000743-056fd8cd648611,2023-100mb00000001941-9401571cc40411,Ryan Rickelton,2019-100mb00000000141-e67c41d144a711,Andre Russell,,6,Six,4,1,1,One,1,1,0,0,0,0,0,0,0,0,0,0,0,,,MIVSKKR31032025-MI-Inn2-Over6-Ball5.mp4,0,Over 5.4,5.4,Andre Russell TO Ryan Rickelton,Andre Russell to Ryan Rickelton -  ONE RUN !!!,"Andre Russell bowling to Ryan Rickelton, short of good length ball, pitching on leg stump, Ryan Rickelton plays a defensive back foot push for a single towards Short Point","Andre Russell bowling to Ryan Rickelton, short of good length ball, pitching on leg stump, Ryan Rickelton plays a defensive back foot push for a single towards Short Point",1,1,0,,602170,70.50,-1.50,1,0,,38,STRAIGHT BALL,97,BACKFOOT PUSH,0,0,5,5,48,1,Leg stump,Short of Good Length,0,2019-100mb00000000141-e67c41d144a711 - 0,0,0,0,0,0,0,0
E3B733A5-39EF-4C24-A244-93797A9383EB,602171,6,1810,2,17,Mumbai Indians,2023-100mb00000001941-9401571cc40411,2021-100mb00000000743-056fd8cd648611,Will Jacks,2019-100mb00000000141-e67c41d144a711,Andre Russell,,6,Six,5,6,6,Six,6,0,0,0,0,0,0,0,0,0,0,1,0,,,MIVSKKR31032025-MI-Inn2-Over6-Ball6.mp4,0,Over 5.5,5.5,Andre Russell TO Will Jacks,Andre Russell to Will Jacks - SIX RUNS !!!,"Andre Russell bowling to Will Jacks, short length ball, pitching outside off stump, Will Jacks plays an aggressive pull shot on the back foot for 6 runs towards Square Fine Leg","<p>Andre Russell bowling to Will Jacks, <span style=""color:#2980b9""><strong>HEAVED ACROSS!<img alt="""" src=""https://bcci-stats-sports-mechanic.s3.amazonaws.com/matchcentre/images/commentary/smiley/six.png"" style=""height:23px; width:23px"" title="""" /></strong></span> short length ball, pitching outside off stump, Will Jacks stays back and pulls this ball behind square and strong enough to go over the ropes!</p>
",1,1,0,,602171,148.00,-98.00,6,0,,38,STRAIGHT BALL,58,BACKFOOT PULL SHOT,0,0,6,5,54,1,Outside Off stump,Short Length,0,2019-100mb00000000141-e67c41d144a711 - 0,1,1,0,1,0,0,0
FC2C1B07-C6F6-4009-BD49-CCFBB6D61F9F,602172,7,1810,2,17,Mumbai Indians,2023-100mb00000001941-9401571cc40411,2021-100mb00000000743-056fd8cd648611,Will Jacks,2019-100mb00000000141-e67c41d144a711,Andre Russell,,6,Six,6,1,1,One,1,1,0,0,0,0,0,0,0,0,0,0,0,,,MIVSKKR31032025-MI-Inn2-Over6-Ball7.mp4,0,Over 5.6,5.6,Andre Russell TO Will Jacks,Andre Russell to Will Jacks -  ONE RUN !!!,"Andre Russell bowling to Will Jacks, short length ball, pitching outside off stump, Will Jacks glides it for a single towards Point","<p>Andre Russell bowling to Will Jacks, short length ball, pitching outside off stump, Will Jacks glides it for a singletowards Point</p> <blockquote class=""twitter-tweet""><p lang=""en"" dir=""ltr"">The clarity in both these shots ????<br><br>Ryan Rickelton with no half measures in the chase ????<a href=""https://twitter.com/hashtag/MI?src=hash&amp;ref_src=twsrc%5Etfw"">#MI</a> lose Rohit Sharma and are 55/1 after 6 overs. <br><br>Updates ? <a href=""https://t.co/iEwchzEpDk"">https://t.co/iEwchzEpDk</a><a href=""https://twitter.com/hashtag/TATAIPL?src=hash&amp;ref_src=twsrc%5Etfw"">#TATAIPL</a> | <a href=""https://twitter.com/hashtag/MIvKKR?src=hash&amp;ref_src=twsrc%5Etfw"">#MIvKKR</a> | <a href=""https://twitter.com/mipaltan?ref_src=twsrc%5Etfw"">@mipaltan</a> <a href=""https://t.co/3keQ745xn2"">pic.twitter.com/3keQ745xn2</a></p>&mdash; IndianPremierLeague (@IPL) <a href=""https://twitter.com/IPL/status/1906743650773790793?ref_src=twsrc%5Etfw"">March 31, 2025</a></blockquote> <script async src=""https://platform.twitter.com/widgets.js"" charset=""utf-8""></script> 
 ",1,1,0,,602172,-88.00,-28.50,1,0,,47,SLOWER BALL,44,GLIDE,0,0,7,5,55,1,Outside Off stump,Short Length,0,2019-100mb00000000141-e67c41d144a711 - 0,0,1,0,0,0,0,0
380E454B-4199-4810-BC2E-5F11674750E6,602173,1,1810,2,17,Mumbai Indians,2023-100mb00000001941-9401571cc40411,2021-100mb00000000743-056fd8cd648611,Will Jacks,2019-100mb00000000140-a41b85f2449d11,Varun Chakaravarthy,,7,Seven,1,0,0,Zero,0,0,0,0,1,0,0,0,0,0,0,0,0,,,MIVSKKR31032025-MI-Inn2-Over7-Ball1.mp4,0,Over 6.1,6.1,Varun Chakaravarthy TO Will Jacks,Varun Chakaravarthy to Will Jacks - DOT BALL !!!,"Varun Chakaravarthy bowling to Will Jacks, good length ball, pitching outside off stump, Will Jacks plays a defensive forward push, no run towards Mid-Wicket","Varun Chakaravarthy bowling to Will Jacks, good length ball, pitching outside off stump, Will Jacks plays a defensive forward push, no run towards Mid-Wicket",1,1,0,,602173,115.00,49.50,0,0,,24,LEG SPIN,27,FORWARD PUSH,0,0,1,6,55,1,Outside Off stump,Good Length,1,2019-100mb00000000140-a41b85f2449d11 - 0,0,1,0,0,0,0,0
D7B7AA49-9FFC-40C4-A6E1-79F212076B65,602174,2,1810,2,17,Mumbai Indians,2023-100mb00000001941-9401571cc40411,2021-100mb00000000743-056fd8cd648611,Will Jacks,2019-100mb00000000140-a41b85f2449d11,Varun Chakaravarthy,,7,Seven,2,0,0,Zero,0,0,0,0,1,0,0,0,0,0,0,0,0,,,MIVSKKR31032025-MI-Inn2-Over7-Ball2.mp4,0,Over 6.2,6.2,Varun Chakaravarthy TO Will Jacks,Varun Chakaravarthy to Will Jacks - DOT BALL !!!,"Varun Chakaravarthy bowling to Will Jacks, good length ball, pitching outside off stump, Will Jacks plays a defensive back foot push, no run towards Mid-On","Varun Chakaravarthy bowling to Will Jacks, good length ball, pitching outside off stump, Will Jacks plays a defensive back foot push, no run towards Mid-On",1,1,0,,602174,60.50,79.00,0,0,,24,LEG SPIN,97,BACKFOOT PUSH,0,0,2,6,55,1,Outside Off stump,Good Length,0,2019-100mb00000000140-a41b85f2449d11 - 0,0,1,0,0,0,0,0
AAB40C5E-A432-4640-951D-3AB21EE75C3F,602175,3,1810,2,17,Mumbai Indians,2023-100mb00000001941-9401571cc40411,2021-100mb00000000743-056fd8cd648611,Will Jacks,2019-100mb00000000140-a41b85f2449d11,Varun Chakaravarthy,,7,Seven,3,1,1,One,1,1,0,0,0,0,0,0,0,0,0,0,0,,,MIVSKKR31032025-MI-Inn2-Over7-Ball3.mp4,0,Over 6.3,6.3,Varun Chakaravarthy TO Will Jacks,Varun Chakaravarthy to Will Jacks -  ONE RUN !!!,"Varun Chakaravarthy bowling to Will Jacks, full length ball, pitching outside off stump, Will Jacks plays an aggressive off drive on the front foot for a single towards Long-Off","Varun Chakaravarthy bowling to Will Jacks, full length ball, pitching outside off stump, Will Jacks plays an aggressive off drive on the front foot for a single towards Long-Off",1,1,0,,602175,-85.00,172.00,1,0,,24,LEG SPIN,84,FRONTFOOT OFF DRIVE,0,0,3,6,56,1,Outside Off stump,Full Length,0,2019-100mb00000000140-a41b85f2449d11 - 0,0,1,0,0,0,0,0
2D4FA44A-F2BB-4893-A9AC-8AFEB5C618C8,602176,4,1810,2,17,Mumbai Indians,2021-100mb00000000743-056fd8cd648611,2023-100mb00000001941-9401571cc40411,Ryan Rickelton,2019-100mb00000000140-a41b85f2449d11,Varun Chakaravarthy,,7,Seven,4,1,1,One,1,1,0,0,0,0,0,0,0,0,0,0,0,,,MIVSKKR31032025-MI-Inn2-Over7-Ball4.mp4,0,Over 6.4,6.4,Varun Chakaravarthy TO Ryan Rickelton,Varun Chakaravarthy to Ryan Rickelton -  ONE RUN !!!,"Varun Chakaravarthy bowling to Ryan Rickelton, good length ball, pitching on off stump, Ryan Rickelton uncomfortably  plays a defensive back foot push for a single","Varun Chakaravarthy bowling to Ryan Rickelton, good length ball, pitching on off stump, Ryan Rickelton uncomfortably  plays a defensive back foot push for a single",1,1,0,,602176,-85.00,177.50,1,0,,24,LEG SPIN,97,BACKFOOT PUSH,0,0,4,6,57,1,Off stump,Good Length,0,2019-100mb00000000140-a41b85f2449d11 - 0,0,1,0,0,0,0,0
45D92881-538A-4A27-B7C1-D20F56A78DED,602177,5,1810,2,17,Mumbai Indians,2023-100mb00000001941-9401571cc40411,2021-100mb00000000743-056fd8cd648611,Will Jacks,2019-100mb00000000140-a41b85f2449d11,Varun Chakaravarthy,,7,Seven,5,1,1,One,1,1,0,0,0,0,0,0,0,0,0,0,0,,,MIVSKKR31032025-MI-Inn2-Over7-Ball5.mp4,0,Over 6.5,6.5,Varun Chakaravarthy TO Will Jacks,Varun Chakaravarthy to Will Jacks -  ONE RUN !!!,"Varun Chakaravarthy bowling to Will Jacks, full length ball, pitching outside off stump, Will Jacks plays a defensive forward push for a single towards Mid-Wicket","Varun Chakaravarthy bowling to Will Jacks, full length ball, pitching outside off stump, Will Jacks plays a defensive forward push for a single towards Mid-Wicket",1,1,0,,602177,128.50,44.50,1,0,,24,LEG SPIN,27,FORWARD PUSH,0,0,5,6,58,1,Outside Off stump,Full Length,0,2019-100mb00000000140-a41b85f2449d11 - 0,0,1,0,0,0,0,0
19E2DDDC-0A7D-4DC3-88A3-9B025A3E22AD,602178,6,1810,2,17,Mumbai Indians,2021-100mb00000000743-056fd8cd648611,2023-100mb00000001941-9401571cc40411,Ryan Rickelton,2019-100mb00000000140-a41b85f2449d11,Varun Chakaravarthy,,7,Seven,6,4,4,Four,4,0,0,0,0,0,0,0,0,0,1,0,0,,,MIVSKKR31032025-MI-Inn2-Over7-Ball6.mp4,0,Over 6.6,6.6,Varun Chakaravarthy TO Ryan Rickelton,Varun Chakaravarthy to Ryan Rickelton - FOUR RUNS !!!,"Varun Chakaravarthy bowling to Ryan Rickelton, full length ball, pitching on off stump, Ryan Rickelton plays a reverse sweep for 4 runs towards Deep Third Man","<p>Varun Chakaravarthy bowling to Ryan Rickelton,<span style=""color:#2980b9""><strong> CHEEKY! <img alt="""" src=""https://bcci-stats-sports-mechanic.s3.amazonaws.com/matchcentre/images/commentary/smiley/four.png"" style=""height:23px; width:23px"" title="""" />&nbsp;</strong></span>full length ball, pitching on off stump, Ryan Rickelton sets up for a reverse sweep and executes it very well behind point for a four!</p>
",1,1,0,,602178,95.00,-138.00,4,0,,24,LEG SPIN,56,REVERSE SWEEP,0,0,6,6,62,1,Off stump,Full Length,0,2019-100mb00000000140-a41b85f2449d11 - 0,0,1,0,0,0,0,0
081AFC3D-0610-4948-BB52-B1D587656050,602179,1,1810,2,17,Mumbai Indians,2023-100mb00000001941-9401571cc40411,2021-100mb00000000743-056fd8cd648611,Will Jacks,2019-100mb00000000156-a6b6f42c44aa11,Sunil Narine,,8,Eight,1,1,1,One,1,1,0,0,0,0,0,0,0,0,0,0,0,,,MIVSKKR31032025-MI-Inn2-Over8-Ball1.mp4,0,Over 7.1,7.1,Sunil Narine TO Will Jacks,Sunil Narine to Will Jacks -  ONE RUN !!!,"Sunil Narine bowling to Will Jacks, full length ball, pitching outside off stump, Will Jacks plays an aggressive off drive on the front foot for a single towards Long-Off","Sunil Narine bowling to Will Jacks, full length ball, pitching outside off stump, Will Jacks plays an aggressive off drive on the front foot for a single towards Long-Off",1,1,0,,602179,-81.50,171.50,1,0,,25,OFF SPIN,84,FRONTFOOT OFF DRIVE,0,0,1,7,63,1,Outside Off stump,Full Length,1,2019-100mb00000000156-a6b6f42c44aa11 - 0,0,1,0,0,0,0,0
B2F1818C-F0CA-4BC3-AEA9-4C07F7EAAE9A,602180,2,1810,2,17,Mumbai Indians,2021-100mb00000000743-056fd8cd648611,2023-100mb00000001941-9401571cc40411,Ryan Rickelton,2019-100mb00000000156-a6b6f42c44aa11,Sunil Narine,,8,Eight,2,0,0,Zero,0,0,0,0,1,0,0,0,0,0,0,0,0,,,MIVSKKR31032025-MI-Inn2-Over8-Ball2.mp4,0,Over 7.2,7.2,Sunil Narine TO Ryan Rickelton,Sunil Narine to Ryan Rickelton - DOT BALL !!!,"Sunil Narine bowling to Ryan Rickelton, full length ball, pitching outside off stump, Ryan Rickelton plays a defensive forward push, no run towards Mid-Wicket","Sunil Narine bowling to Ryan Rickelton, full length ball, pitching outside off stump, Ryan Rickelton plays a defensive forward push, no run towards Mid-Wicket",1,1,0,,602180,-68.50,49.50,0,0,,24,LEG SPIN,27,FORWARD PUSH,0,0,2,7,63,1,Outside Off stump,Full Length,0,2019-100mb00000000156-a6b6f42c44aa11 - 0,0,1,0,0,0,0,0
B2A6F2DB-F7EE-43F7-886C-14F0C2ABFAB6,602181,3,1810,2,17,Mumbai Indians,2021-100mb00000000743-056fd8cd648611,2023-100mb00000001941-9401571cc40411,Ryan Rickelton,2019-100mb00000000156-a6b6f42c44aa11,Sunil Narine,,8,Eight,3,6,6,Six,6,0,0,0,0,0,0,0,0,0,0,1,0,,,MIVSKKR31032025-MI-Inn2-Over8-Ball3.mp4,0,Over 7.3,7.3,Sunil Narine TO Ryan Rickelton,Sunil Narine to Ryan Rickelton - SIX RUNS !!!,"Sunil Narine bowling to Ryan Rickelton, full length ball, pitching on off stump, Ryan Rickelton plays a slog sweep for 6 runs towards Deep Mid-Wicket","<p>Sunil Narine bowling to Ryan Rickelton, <span style=""color:#2980b9""><strong>RICKELTON IN A RUSH! <img alt="""" src=""https://bcci-stats-sports-mechanic.s3.amazonaws.com/matchcentre/images/commentary/smiley/six.png"" style=""height:23px; width:23px"" title="""" />&nbsp;</strong></span>full length ball, pitching on off stump, Ryan Rickelton connects the slog sweep pretty well and the ball sails into the deep mid-wicket stands!</p>
",1,1,0,,602181,-194.50,77.00,6,0,,24,LEG SPIN,95,SLOG SWEEP,0,0,3,7,69,1,Off stump,Full Length,0,2019-100mb00000000156-a6b6f42c44aa11 - 0,0,1,0,0,0,0,0
E4E13C9A-5228-48A9-9A89-212564E8136C,602182,4,1810,2,17,Mumbai Indians,2021-100mb00000000743-056fd8cd648611,2023-100mb00000001941-9401571cc40411,Ryan Rickelton,2019-100mb00000000156-a6b6f42c44aa11,Sunil Narine,,8,Eight,4,1,1,One,1,1,0,0,0,0,0,0,0,0,0,0,0,,,MIVSKKR31032025-MI-Inn2-Over8-Ball4.mp4,0,Over 7.4,7.4,Sunil Narine TO Ryan Rickelton,Sunil Narine to Ryan Rickelton -  ONE RUN !!!,"Sunil Narine bowling to Ryan Rickelton, good length ball, pitching outside off stump, Ryan Rickelton plays an aggressive square drive on back foot for a single towards Deep Forward Point","Sunil Narine bowling to Ryan Rickelton, good length ball, pitching outside off stump, Ryan Rickelton plays an aggressive square drive on back foot for a single towards Deep Forward Point",1,1,0,,602182,144.00,-3.50,1,0,,25,OFF SPIN,16,BACKFOOT SQUARE DRIVE,0,0,4,7,70,1,Outside Off stump,Good Length,0,2019-100mb00000000156-a6b6f42c44aa11 - 0,0,1,0,0,0,0,0
3AE4F976-7FB5-4BDD-9D7A-E45E67E4A676,602183,5,1810,2,17,Mumbai Indians,2023-100mb00000001941-9401571cc40411,2021-100mb00000000743-056fd8cd648611,Will Jacks,2019-100mb00000000156-a6b6f42c44aa11,Sunil Narine,,8,Eight,5,0,0,Zero,0,0,0,0,1,0,0,0,0,0,0,0,0,,,MIVSKKR31032025-MI-Inn2-Over8-Ball5.mp4,0,Over 7.5,7.5,Sunil Narine TO Will Jacks,Sunil Narine to Will Jacks - DOT BALL !!!,"Sunil Narine bowling to Will Jacks, full length ball, pitching outside off stump, Will Jacks uncomfortably  plays an aggressive off drive on the front foot, no run, Appeal from the fielding side","Sunil Narine bowling to Will Jacks, full length ball, pitching outside off stump, Will Jacks uncomfortably  plays an aggressive off drive on the front foot, no run, Appeal from the fielding side",1,1,0,,602183,144.00,-3.50,0,0,,25,OFF SPIN,84,FRONTFOOT OFF DRIVE,0,0,5,7,70,1,Outside Off stump,Full Length,0,2019-100mb00000000156-a6b6f42c44aa11 - 0,0,1,0,0,0,0,0
F91C8213-E0ED-4D30-A6EE-87B0B6D1C5AF,602184,6,1810,2,17,Mumbai Indians,2023-100mb00000001941-9401571cc40411,2021-100mb00000000743-056fd8cd648611,Will Jacks,2019-100mb00000000156-a6b6f42c44aa11,Sunil Narine,,8,Eight,6,0,0,Zero,0,0,0,0,1,0,0,0,0,0,0,0,0,,,MIVSKKR31032025-MI-Inn2-Over8-Ball6.mp4,0,Over 7.6,7.6,Sunil Narine TO Will Jacks,Sunil Narine to Will Jacks - DOT BALL !!!,"Sunil Narine bowling to Will Jacks, full length ball, pitching outside off stump, Will Jacks plays a defensive forward push, no run towards Short Mid-Off","Sunil Narine bowling to Will Jacks, full length ball, pitching outside off stump, Will Jacks plays a defensive forward push, no run towards Short Mid-Off",1,1,0,,602184,-48.50,54.00,0,0,,24,LEG SPIN,27,FORWARD PUSH,0,0,6,7,70,1,Outside Off stump,Full Length,0,2019-100mb00000000156-a6b6f42c44aa11 - 0,0,1,0,0,0,0,0
,,,1810,2,,,,,,,,,8,,99,,,,,,,,,,,,,,,,,,,,,,,,,,"<p><img alt="""" src=""https://scores.bcci.tv/matchcentre/commentaryFiles/IPL 2025 Head to Head - 640px width (10)_1743438767.gif"" /></p>
",,,,,,,,,,,,,,,,,,,,,,,,,,,,,,,
1EB061F3-03B9-4C1C-B6FE-2E9033FB4037,602185,1,1810,2,17,Mumbai Indians,2021-100mb00000000743-056fd8cd648611,2023-100mb00000001941-9401571cc40411,Ryan Rickelton,2019-100mb00000000140-a41b85f2449d11,Varun Chakaravarthy,,9,Nine,1,0,0,Zero,0,0,0,0,1,0,0,0,0,0,0,0,0,,,MIVSKKR31032025-MI-Inn2-Over9-Ball1.mp4,0,Over 8.1,8.1,Varun Chakaravarthy TO Ryan Rickelton,Varun Chakaravarthy to Ryan Rickelton - DOT BALL !!!,"Varun Chakaravarthy bowling to Ryan Rickelton, full length ball, pitching outside off stump, Ryan Rickelton plays an aggressive cover drive on the front foot and is beaten","Varun Chakaravarthy bowling to Ryan Rickelton, full length ball, pitching outside off stump, Ryan Rickelton plays an aggressive cover drive on the front foot and is beaten",1,1,0,,602185,-48.50,54.00,0,0,,24,LEG SPIN,51,FRONTFOOT COVERDRIVE,0,0,1,8,70,1,Outside Off stump,Full Length,1,2019-100mb00000000140-a41b85f2449d11 - 0,0,1,0,0,0,0,0
0AC60ECB-E17B-4ADF-816A-CDDF378EB10F,602186,2,1810,2,17,Mumbai Indians,2021-100mb00000000743-056fd8cd648611,2023-100mb00000001941-9401571cc40411,Ryan Rickelton,2019-100mb00000000140-a41b85f2449d11,Varun Chakaravarthy,,9,Nine,2,1,1,One,1,1,0,0,0,0,0,0,0,0,0,0,0,,,MIVSKKR31032025-MI-Inn2-Over9-Ball2.mp4,0,Over 8.2,8.2,Varun Chakaravarthy TO Ryan Rickelton,Varun Chakaravarthy to Ryan Rickelton -  ONE RUN !!!,"Varun Chakaravarthy bowling to Ryan Rickelton, full length ball, pitching on leg stump, Ryan Rickelton plays an aggressive on drive on the front foot for a single towards Wide Long-On","Varun Chakaravarthy bowling to Ryan Rickelton, full length ball, pitching on leg stump, Ryan Rickelton plays an aggressive on drive on the front foot for a single towards Wide Long-On",1,1,0,,602186,-101.50,165.50,1,0,,24,LEG SPIN,47,FRONTFOOT ON DRIVE,0,0,2,8,71,1,Leg stump,Full Length,0,2019-100mb00000000140-a41b85f2449d11 - 0,0,1,0,0,0,0,0
E0B1F5C0-E241-4233-AE74-FBDA50B4AE65,602187,3,1810,2,17,Mumbai Indians,2023-100mb00000001941-9401571cc40411,2021-100mb00000000743-056fd8cd648611,Will Jacks,2019-100mb00000000140-a41b85f2449d11,Varun Chakaravarthy,,9,Nine,3,1,1,One,1,1,0,0,0,0,0,0,0,0,0,0,0,,,MIVSKKR31032025-MI-Inn2-Over9-Ball3.mp4,0,Over 8.3,8.3,Varun Chakaravarthy TO Will Jacks,Varun Chakaravarthy to Will Jacks -  ONE RUN !!!,"Varun Chakaravarthy bowling to Will Jacks, full length ball, pitching outside off stump, Will Jacks paddle sweeps it for a single towards Square Fine Leg","Varun Chakaravarthy bowling to Will Jacks, full length ball, pitching outside off stump, Will Jacks paddle sweeps it for a single towards Square Fine Leg",1,1,0,,602187,105.50,-77.50,1,0,,24,LEG SPIN,22,FRONTFOOT PADDLE SWEEP,0,0,3,8,72,1,Outside Off stump,Full Length,0,2019-100mb00000000140-a41b85f2449d11 - 0,0,1,0,0,0,0,0
CB0B1B5C-23B9-4A70-905D-05B08914F85B,602188,4,1810,2,17,Mumbai Indians,2021-100mb00000000743-056fd8cd648611,2023-100mb00000001941-9401571cc40411,Ryan Rickelton,2019-100mb00000000140-a41b85f2449d11,Varun Chakaravarthy,,9,Nine,4,0,0,Zero,0,0,0,0,1,0,0,0,0,0,0,0,0,,,MIVSKKR31032025-MI-Inn2-Over9-Ball4.mp4,0,Over 8.4,8.4,Varun Chakaravarthy TO Ryan Rickelton,Varun Chakaravarthy to Ryan Rickelton - DOT BALL !!!,"Varun Chakaravarthy bowling to Ryan Rickelton, full length ball, pitching outside off stump, Ryan Rickelton plays an aggressive cover drive on the front foot and is beaten","Varun Chakaravarthy bowling to Ryan Rickelton, full length ball, pitching outside off stump, Ryan Rickelton plays an aggressive cover drive on the front foot and is beaten",1,1,0,,602188,105.50,-77.50,0,0,,24,LEG SPIN,51,FRONTFOOT COVERDRIVE,0,0,4,8,72,1,Outside Off stump,Full Length,0,2019-100mb00000000140-a41b85f2449d11 - 0,0,1,0,0,0,0,0
594E4C0A-3164-4091-B6CA-769F86B9E84B,602189,5,1810,2,17,Mumbai Indians,2021-100mb00000000743-056fd8cd648611,2023-100mb00000001941-9401571cc40411,Ryan Rickelton,2019-100mb00000000140-a41b85f2449d11,Varun Chakaravarthy,,9,Nine,5,1,1,One,1,1,0,0,0,0,0,0,0,0,0,0,0,,,MIVSKKR31032025-MI-Inn2-Over9-Ball5.mp4,0,Over 8.5,8.5,Varun Chakaravarthy TO Ryan Rickelton,Varun Chakaravarthy to Ryan Rickelton -  ONE RUN !!!,"Varun Chakaravarthy bowling to Ryan Rickelton, good length ball, pitching on off stump, Ryan Rickelton plays an aggressive cover drive on the back foot for a single towards Deep Covers","Varun Chakaravarthy bowling to Ryan Rickelton, good length ball, pitching on off stump, Ryan Rickelton plays an aggressive cover drive on the back foot for a single towards Deep Covers",1,1,0,,602189,160.00,39.00,1,0,,24,LEG SPIN,52,BACKFOOT COVERDRIVE,0,0,5,8,73,1,Off stump,Good Length,0,2019-100mb00000000140-a41b85f2449d11 - 0,0,1,0,0,0,0,0
22718903-AAE7-474B-B761-8A1CF7AEFA0C,602190,6,1810,2,17,Mumbai Indians,2023-100mb00000001941-9401571cc40411,2021-100mb00000000743-056fd8cd648611,Will Jacks,2019-100mb00000000140-a41b85f2449d11,Varun Chakaravarthy,,9,Nine,6,0,0,Zero,0,0,0,0,1,0,0,0,0,0,0,0,0,,,MIVSKKR31032025-MI-Inn2-Over9-Ball6.mp4,0,Over 8.6,8.6,Varun Chakaravarthy TO Will Jacks,Varun Chakaravarthy to Will Jacks - DOT BALL !!!,"Varun Chakaravarthy bowling to Will Jacks, full length ball, pitching outside off stump, Will Jacks plays an aggressive cover drive on the front foot and is beaten","Varun Chakaravarthy bowling to Will Jacks, full length ball, pitching outside off stump, Will Jacks plays an aggressive cover drive on the front foot and is beaten",1,1,0,,602190,160.00,39.00,0,0,,24,LEG SPIN,51,FRONTFOOT COVERDRIVE,0,0,6,8,73,1,Outside Off stump,Full Length,0,2019-100mb00000000140-a41b85f2449d11 - 0,0,1,0,0,0,0,0
F4A94CA9-A417-4D4D-B281-D2B615E8B19E,602191,1,1810,2,17,Mumbai Indians,2021-100mb00000000743-056fd8cd648611,2023-100mb00000001941-9401571cc40411,Ryan Rickelton,2019-100mb00000000156-a6b6f42c44aa11,Sunil Narine,,10,Ten,1,6,6,Six,6,0,0,0,0,0,0,0,0,0,0,1,0,,,MIVSKKR31032025-MI-Inn2-Over10-Ball1.mp4,0,Over 9.1,9.1,Sunil Narine TO Ryan Rickelton,Sunil Narine to Ryan Rickelton - SIX RUNS !!!,"Sunil Narine bowling to Ryan Rickelton, good length ball, pitching on off stump, Ryan Rickelton plays an aggressive pull shot on the back foot for 6 runs towards Deep Mid-Wicket","<p>Sunil Narine bowling to Ryan Rickelton, <span style=""color:#2980b9""><strong>50 FOR THE PROTEAN BATTER </strong></span>good length ball, pitching on off stump, Ryan Rickelton picks his spot early, and <em>launches it deep</em> into the mid-wicket stands. Maiden IPL half-century for the South African, and what a way to bring it up!</p> <blockquote class=""twitter-tweet""><p lang=""en"" dir=""ltr"">Maiden fifty in <a href=""https://twitter.com/hashtag/TATAIPL?src=hash&amp;ref_src=twsrc%5Etfw"">#TATAIPL</a> ????<br>Maiden fifty for <a href=""https://twitter.com/hashtag/MI?src=hash&amp;ref_src=twsrc%5Etfw"">#MI</a> ???? <br><br>Ryan Rickelton is putting on a show in front of the home crowd ????????<br><br>Updates ? <a href=""https://t.co/iEwchzEpDk"">https://t.co/iEwchzEpDk</a><a href=""https://twitter.com/hashtag/MIvKKR?src=hash&amp;ref_src=twsrc%5Etfw"">#MIvKKR</a> <a href=""https://t.co/5dtWZj0HRB"">pic.twitter.com/5dtWZj0HRB</a></p>&mdash; IndianPremierLeague (@IPL) <a href=""https://twitter.com/IPL/status/1906748347077333208?ref_src=twsrc%5Etfw"">March 31, 2025</a></blockquote> <script async src=""https://platform.twitter.com/widgets.js"" charset=""utf-8""></script>
",1,1,0,,602191,-207.50,79.50,6,0,,25,OFF SPIN,58,BACKFOOT PULL SHOT,0,0,1,9,79,1,Off stump,Good Length,1,2019-100mb00000000156-a6b6f42c44aa11 - 0,0,1,0,0,0,0,0
57CBF587-D5C8-41B1-B6B5-9E7D5DA347FB,602192,2,1810,2,17,Mumbai Indians,2021-100mb00000000743-056fd8cd648611,2023-100mb00000001941-9401571cc40411,Ryan Rickelton,2019-100mb00000000156-a6b6f42c44aa11,Sunil Narine,,10,Ten,2,0,0,Zero,0,0,0,0,1,0,0,0,0,0,0,0,0,,,MIVSKKR31032025-MI-Inn2-Over10-Ball2.mp4,0,Over 9.2,9.2,Sunil Narine TO Ryan Rickelton,Sunil Narine to Ryan Rickelton - DOT BALL !!!,"Sunil Narine bowling to Ryan Rickelton, good length ball, pitching outside off stump, Ryan Rickelton plays a defensive back foot push, no run towards Mid-Wicket","Sunil Narine bowling to Ryan Rickelton, good length ball, pitching outside off stump, Ryan Rickelton plays a defensive back foot push, no run towards Mid-Wicket",1,1,0,,602192,-85.00,53.00,0,0,,24,LEG SPIN,97,BACKFOOT PUSH,0,0,2,9,79,1,Outside Off stump,Good Length,0,2019-100mb00000000156-a6b6f42c44aa11 - 0,0,1,0,0,0,0,0
77936A0E-FF2F-492E-8A3F-B2ED83382C2A,602193,3,1810,2,17,Mumbai Indians,2021-100mb00000000743-056fd8cd648611,2023-100mb00000001941-9401571cc40411,Ryan Rickelton,2019-100mb00000000156-a6b6f42c44aa11,Sunil Narine,,10,Ten,3,6,6,Six,6,0,0,0,0,0,0,0,0,0,0,1,0,,,MIVSKKR31032025-MI-Inn2-Over10-Ball3.mp4,0,Over 9.3,9.3,Sunil Narine TO Ryan Rickelton,Sunil Narine to Ryan Rickelton - SIX RUNS !!!,"Sunil Narine bowling to Ryan Rickelton, full length ball, pitching outside off stump, Ryan Rickelton plays an aggressive lofted on drive on the front foot for 6 runs towards Wide Long-On","<p>Sunil Narine bowling to Ryan Rickelton, <span style=""color:#2980b9""><strong>IN THE ZONE&nbsp;</strong></span> full length ball, pitching outside off stump, Ryan Rickelton <em>dispatches it with authority</em> over wide long-on. Clean, confident, and commanding. The ball is flying off his bat tonight!</p>
",1,1,0,,602193,-145.00,182.50,6,0,,25,OFF SPIN,11,LOFTED ON DRIVE,0,0,3,9,85,1,Outside Off stump,Full Length,0,2019-100mb00000000156-a6b6f42c44aa11 - 0,0,1,0,0,0,0,0
8121791D-3B3B-4544-A8EE-169309D76977,602194,4,1810,2,17,Mumbai Indians,2021-100mb00000000743-056fd8cd648611,2023-100mb00000001941-9401571cc40411,Ryan Rickelton,2019-100mb00000000156-a6b6f42c44aa11,Sunil Narine,,10,Ten,4,1,1,One,1,1,0,0,0,0,0,0,0,0,0,0,0,,,MIVSKKR31032025-MI-Inn2-Over10-Ball4.mp4,0,Over 9.4,9.4,Sunil Narine TO Ryan Rickelton,Sunil Narine to Ryan Rickelton -  ONE RUN !!!,"Sunil Narine bowling to Ryan Rickelton, full length ball, pitching outside off stump, Ryan Rickelton plays an aggressive on drive on the front foot for a single towards Wide Long-On","Sunil Narine bowling to Ryan Rickelton, full length ball, pitching outside off stump, Ryan Rickelton plays an aggressive on drive on the front foot for a single towards Wide Long-On",1,1,0,,602194,-98.00,160.50,1,0,,25,OFF SPIN,47,FRONTFOOT ON DRIVE,0,0,4,9,86,1,Outside Off stump,Full Length,0,2019-100mb00000000156-a6b6f42c44aa11 - 0,0,1,0,0,0,0,0
88DD4685-BA68-492E-9956-C58EDA5DF297,602195,5,1810,2,17,Mumbai Indians,2023-100mb00000001941-9401571cc40411,2021-100mb00000000743-056fd8cd648611,Will Jacks,2019-100mb00000000156-a6b6f42c44aa11,Sunil Narine,,10,Ten,5,2,2,Two,2,0,1,0,0,0,0,0,0,0,0,0,0,,,MIVSKKR31032025-MI-Inn2-Over10-Ball5.mp4,0,Over 9.5,9.5,Sunil Narine TO Will Jacks,Sunil Narine to Will Jacks - TWO RUNS !!!,"Sunil Narine bowling to Will Jacks, good length ball, pitching outside off stump, Will Jacks plays a defensive forward push for 2 runs towards Wide Long-On","Sunil Narine bowling to Will Jacks, good length ball, pitching outside off stump, Will Jacks plays a defensive forward push for 2 runs towards Wide Long-On",1,1,0,,602195,113.00,116.00,2,0,,25,OFF SPIN,27,FORWARD PUSH,0,0,5,9,88,1,Outside Off stump,Good Length,0,2019-100mb00000000156-a6b6f42c44aa11 - 0,0,1,0,0,0,0,0
A4553F7A-B5E2-481A-9488-0BAFFA8A8A67,602196,6,1810,2,17,Mumbai Indians,2023-100mb00000001941-9401571cc40411,2021-100mb00000000743-056fd8cd648611,Will Jacks,2019-100mb00000000156-a6b6f42c44aa11,Sunil Narine,,10,Ten,6,1,1,One,1,1,0,0,0,0,0,0,0,0,0,0,0,,,MIVSKKR31032025-MI-Inn2-Over10-Ball6.mp4,0,Over 9.6,9.6,Sunil Narine TO Will Jacks,Sunil Narine to Will Jacks -  ONE RUN !!!,"Sunil Narine bowling to Will Jacks, good length ball, pitching outside off stump, Will Jacks plays a defensive back foot push for a single towards Country","Sunil Narine bowling to Will Jacks, good length ball, pitching outside off stump, Will Jacks plays a defensive back foot push for a single towards Country",1,1,0,,602196,112.50,104.00,1,0,,25,OFF SPIN,97,BACKFOOT PUSH,0,0,6,9,89,1,Outside Off stump,Good Length,0,2019-100mb00000000156-a6b6f42c44aa11 - 0,0,1,0,0,0,0,0
981FA6BA-74AD-4914-BDA2-8826CEB113F4,602197,1,1810,2,17,Mumbai Indians,2023-100mb00000001941-9401571cc40411,2021-100mb00000000743-056fd8cd648611,Will Jacks,2019-100mb00000000141-e67c41d144a711,Andre Russell,,11,Eleven,1,1,1,One,1,1,0,0,0,0,0,0,0,0,0,0,0,,,MIVSKKR31032025-MI-Inn2-Over11-Ball1.mp4,0,Over 10.1,10.1,Andre Russell TO Will Jacks,Andre Russell to Will Jacks -  ONE RUN !!!,"Andre Russell bowling to Will Jacks, good length ball, pitching outside off stump, Will Jacks plays an aggressive off drive on the front foot for a single towards Mid-Off","Andre Russell bowling to Will Jacks, good length ball, pitching outside off stump, Will Jacks plays an aggressive off drive on the front foot for a single towards Mid-Off",1,1,0,,602197,-54.00,105.00,1,0,,38,STRAIGHT BALL,84,FRONTFOOT OFF DRIVE,0,0,1,10,90,1,Outside Off stump,Good Length,1,2019-100mb00000000141-e67c41d144a711 - 0,0,1,0,0,0,0,0
B3C0D194-D130-4F62-9346-5332349440E9,602198,2,1810,2,17,Mumbai Indians,2021-100mb00000000743-056fd8cd648611,2023-100mb00000001941-9401571cc40411,Ryan Rickelton,2019-100mb00000000141-e67c41d144a711,Andre Russell,,11,Eleven,2,1,1,One,1,1,0,0,0,0,0,0,0,0,0,0,0,,,MIVSKKR31032025-MI-Inn2-Over11-Ball2.mp4,0,Over 10.2,10.2,Andre Russell TO Ryan Rickelton,Andre Russell to Ryan Rickelton -  ONE RUN !!!,"Andre Russell bowling to Ryan Rickelton, short of good length ball, pitching outside leg stump, Ryan Rickelton plays an aggressive on drive off the back foot for a single towards Long-On","Andre Russell bowling to Ryan Rickelton, short of good length ball, pitching outside leg stump, Ryan Rickelton plays an aggressive on drive off the back foot for a single towards Long-On",1,1,0,,602198,-83.00,166.50,1,0,,47,SLOWER BALL,101,BACKFOOT ON DRIVE,0,0,2,10,91,1,Outside Leg stump,Short of Good Length,0,2019-100mb00000000141-e67c41d144a711 - 0,0,1,0,0,0,0,0
54A53CE6-7FCF-48B3-9163-87F8A95EDF89,602199,3,1810,2,17,Mumbai Indians,2023-100mb00000001941-9401571cc40411,2021-100mb00000000743-056fd8cd648611,Will Jacks,2019-100mb00000000141-e67c41d144a711,Andre Russell,,11,Eleven,3,0,0,Zero,0,0,0,0,1,0,0,0,0,0,0,0,0,,,MIVSKKR31032025-MI-Inn2-Over11-Ball3.mp4,0,Over 10.3,10.3,Andre Russell TO Will Jacks,Andre Russell to Will Jacks - DOT BALL !!!,"Andre Russell bowling to Will Jacks, good length ball, pitching outside off stump, Will Jacks plays an aggressive cover drive on the front foot and is beaten","Andre Russell bowling to Will Jacks, good length ball, pitching outside off stump, Will Jacks plays an aggressive cover drive on the front foot and is beaten",1,1,0,,602199,-83.00,166.50,0,0,,38,STRAIGHT BALL,51,FRONTFOOT COVERDRIVE,0,0,3,10,91,1,Outside Off stump,Good Length,0,2019-100mb00000000141-e67c41d144a711 - 0,0,1,0,0,0,0,0
30A7F121-13FD-4125-881C-93DC635CFD72,602200,4,1810,2,17,Mumbai Indians,2023-100mb00000001941-9401571cc40411,2021-100mb00000000743-056fd8cd648611,Will Jacks,2019-100mb00000000141-e67c41d144a711,Andre Russell,,11,Eleven,4,0 WK,W,Wicket,0,0,0,0,1,0,0,0,0,0,0,0,1,Caught,WICKET,MIVSKKR31032025-MI-Inn2-Over11-Ball4.mp4,1,Over 10.4,10.4,Andre Russell TO Will Jacks,Andre Russell to Will Jacks Wicket ,"Andre Russell bowling to Will Jacks, good length ball, pitching outside off stump, Will Jacks plays an aggressive cover drive on the front foot WICKET Will Jacks c Ajinkya Rahane b Andre Russell (Mumbai Indians 91 Runs for 2 wickets) towards Short Extra Covers","<p>Andre Russell bowling to Will Jacks, <span style=""color:#8e44ad""><strong>AGAINST THE FLOW OF PLAY </strong></span>good length ball, pitching outside off stump, Will Jacks plays a cover drive on the front foot but ends up playing it too early. Ends up <em>chipping it tamely</em> to short extra cover, where Rahane dives low to his right and pouches it cleanly.<br />
WICKET Will Jacks c Ajinkya Rahane b Andre Russell (Mumbai Indians 91 Runs for 2 wickets)</p>
",1,1,0,2023-100mb00000001941-9401571cc40411,602200,-66.00,48.00,0,0,,38,STRAIGHT BALL,51,FRONTFOOT COVERDRIVE,0,0,4,10,91,2,Outside Off stump,Good Length,1,2019-100mb00000000141-e67c41d144a711 - 1,0,1,0,0,0,0,0
6DD23D51-9D5E-4D93-863C-0FB09DF26320,602201,5,1810,2,17,Mumbai Indians,2019-100mb00000000174-619a804244af11,2021-100mb00000000743-056fd8cd648611,Surya Kumar Yadav,2019-100mb00000000141-e67c41d144a711,Andre Russell,,11,Eleven,5,0,0,Zero,0,0,0,0,1,0,0,0,0,0,0,0,0,,,MIVSKKR31032025-MI-Inn2-Over11-Ball5.mp4,0,Over 10.5,10.5,Andre Russell TO Surya Kumar Yadav,Andre Russell to Surya Kumar Yadav - DOT BALL !!!,"Andre Russell bowling to Surya Kumar Yadav, good length ball, pitching outside off stump, Surya Kumar Yadav plays an aggressive cover drive on the front foot and is beaten","Andre Russell bowling to Surya Kumar Yadav, good length ball, pitching outside off stump, Surya Kumar Yadav plays an aggressive cover drive on the front foot and is beaten",1,1,0,,602201,-66.00,48.00,0,0,,38,STRAIGHT BALL,51,FRONTFOOT COVERDRIVE,0,0,5,10,91,2,Outside Off stump,Good Length,2,2019-100mb00000000141-e67c41d144a711 - 0,0,1,0,0,0,0,0
B8419765-AF8F-4528-A93D-522C7B889696,602202,6,1810,2,17,Mumbai Indians,2019-100mb00000000174-619a804244af11,2021-100mb00000000743-056fd8cd648611,Surya Kumar Yadav,2019-100mb00000000141-e67c41d144a711,Andre Russell,,11,Eleven,6,6,6,Six,6,0,0,0,0,0,0,0,0,0,0,1,0,,,MIVSKKR31032025-MI-Inn2-Over11-Ball6.mp4,0,Over 10.6,10.6,Andre Russell TO Surya Kumar Yadav,Andre Russell to Surya Kumar Yadav - SIX RUNS !!!,"Andre Russell bowling to Surya Kumar Yadav, short of good length ball, pitching outside off stump, Surya Kumar Yadav plays an aggressive front foot flick for 6 runs towards Deep Fine Leg","<p>Andre Russell bowling to Surya Kumar Yadav, <span style=""color:#2980b9""><strong>VINTAGE SKY&nbsp;</strong></span> short of good length ball, pitching outside off stump, Surya Kumar Yadav shuffles across his stumps, and nonchalantly scoops it <em>over fine leg</em> for a maximum.Just incredible wristwork and timing. He makes the outrageous look ridiculously easy</p> <blockquote class=""twitter-tweet""><p lang=""en"" dir=""ltr"">???????????????????????????????????????? ???????????????????????????? ????<br><br>Trademark way to get off the mark ?<a href=""https://twitter.com/mipaltan?ref_src=twsrc%5Etfw"">@mipaltan</a> cruising in the chase ?????<br><br>Updates ? <a href=""https://t.co/iEwchzEpDk"">https://t.co/iEwchzEpDk</a><a href=""https://twitter.com/hashtag/TATAIPL?src=hash&amp;ref_src=twsrc%5Etfw"">#TATAIPL</a> | <a href=""https://twitter.com/hashtag/MIvKKR?src=hash&amp;ref_src=twsrc%5Etfw"">#MIvKKR</a> | <a href=""https://twitter.com/surya_14kumar?ref_src=twsrc%5Etfw"">@surya_14kumar</a> <a href=""https://t.co/Ag46xegPOW"">pic.twitter.com/Ag46xegPOW</a></p>&mdash; IndianPremierLeague (@IPL) <a href=""https://twitter.com/IPL/status/1906751215112954250?ref_src=twsrc%5Etfw"">March 31, 2025</a></blockquote> <script async src=""https://platform.twitter.com/widgets.js"" charset=""utf-8""></script>
",1,1,0,,602202,88.50,-129.50,6,0,,38,STRAIGHT BALL,40,FRONTFOOT FLICK,0,0,6,10,97,2,Outside Off stump,Short of Good Length,0,2019-100mb00000000141-e67c41d144a711 - 0,0,1,0,0,0,0,0
3E1B9572-DC38-445E-BD0E-3304D25C6326,602203,1,1810,2,17,Mumbai Indians,2021-100mb00000000743-056fd8cd648611,2019-100mb00000000174-619a804244af11,Ryan Rickelton,2019-100mb00000000156-a6b6f42c44aa11,Sunil Narine,,12,Twelve,1,1,1,One,1,1,0,0,0,0,0,0,0,0,0,0,0,,,MIVSKKR31032025-MI-Inn2-Over12-Ball1.mp4,0,Over 11.1,11.1,Sunil Narine TO Ryan Rickelton,Sunil Narine to Ryan Rickelton -  ONE RUN !!!,"Sunil Narine bowling to Ryan Rickelton, good length ball, pitching outside off stump, Ryan Rickelton plays a defensive back foot push for a single towards Country","Sunil Narine bowling to Ryan Rickelton, good length ball, pitching outside off stump, Ryan Rickelton plays a defensive back foot push for a single towards Country",1,1,0,,602203,-157.00,68.50,1,0,,25,OFF SPIN,97,BACKFOOT PUSH,0,0,1,11,98,2,Outside Off stump,Good Length,1,2019-100mb00000000156-a6b6f42c44aa11 - 0,0,1,0,0,0,0,0
E210CDFE-4998-4F96-AE49-6D36AC9F8E42,602204,2,1810,2,17,Mumbai Indians,2019-100mb00000000174-619a804244af11,2021-100mb00000000743-056fd8cd648611,Surya Kumar Yadav,2019-100mb00000000156-a6b6f42c44aa11,Sunil Narine,,12,Twelve,2,4,4,Four,4,0,0,0,0,0,0,0,0,0,1,0,0,,,MIVSKKR31032025-MI-Inn2-Over12-Ball2.mp4,0,Over 11.2,11.2,Sunil Narine TO Surya Kumar Yadav,Sunil Narine to Surya Kumar Yadav - FOUR RUNS !!!,"Sunil Narine bowling to Surya Kumar Yadav, full length ball, pitching outside off stump, Surya Kumar Yadav plays a sweep shot for 4 runs towards Deep Square Leg","<p>Sunil Narine bowling to Surya Kumar Yadav, <span style=""color:#2980b9""><strong>SWEPT FINELY! <img alt="""" src=""https://bcci-stats-sports-mechanic.s3.amazonaws.com/matchcentre/images/commentary/smiley/four.png"" style=""height:23px; width:23px"" title="""" />&nbsp;</strong></span>full length ball, pitching outside off stump, Surya Kumar Yadav sits on his knee and sweeps this one behind square and scores a four!</p>
",1,1,0,,602204,178.00,-50.00,4,0,,25,OFF SPIN,55,SWEEP SHOT,0,0,2,11,102,2,Outside Off stump,Full Length,0,2019-100mb00000000156-a6b6f42c44aa11 - 0,1,2,0,0,1,0,0
F50212D2-0E05-4D4D-B2DF-B9AE9428045A,602205,3,1810,2,17,Mumbai Indians,2019-100mb00000000174-619a804244af11,2021-100mb00000000743-056fd8cd648611,Surya Kumar Yadav,2019-100mb00000000156-a6b6f42c44aa11,Sunil Narine,,12,Twelve,3,1,1,One,1,1,0,0,0,0,0,0,0,0,0,0,0,,,MIVSKKR31032025-MI-Inn2-Over12-Ball3.mp4,0,Over 11.3,11.3,Sunil Narine TO Surya Kumar Yadav,Sunil Narine to Surya Kumar Yadav -  ONE RUN !!!,"Sunil Narine bowling to Surya Kumar Yadav, full length ball, pitching outside off stump, Surya Kumar Yadav plays a sweep shot for a single towards Deep Backward Square Leg","Sunil Narine bowling to Surya Kumar Yadav, full length ball, pitching outside off stump, Surya Kumar Yadav plays a sweep shot for a single towards Deep Backward Square Leg",1,1,0,,602205,147.50,-60.00,1,0,,25,OFF SPIN,55,SWEEP SHOT,0,0,3,11,103,2,Outside Off stump,Full Length,0,2019-100mb00000000156-a6b6f42c44aa11 - 0,0,2,0,0,0,0,0
6F30E943-BD4A-4A44-8895-7293D1A980B7,602206,4,1810,2,17,Mumbai Indians,2021-100mb00000000743-056fd8cd648611,2019-100mb00000000174-619a804244af11,Ryan Rickelton,2019-100mb00000000156-a6b6f42c44aa11,Sunil Narine,,12,Twelve,4,0,0,Zero,0,0,0,0,1,0,0,0,0,0,0,0,0,,,MIVSKKR31032025-MI-Inn2-Over12-Ball4.mp4,0,Over 11.4,11.4,Sunil Narine TO Ryan Rickelton,Sunil Narine to Ryan Rickelton - DOT BALL !!!,"Sunil Narine bowling to Ryan Rickelton, short of good length ball, pitching outside off stump, Ryan Rickelton plays an aggressive cut shot and is beaten","Sunil Narine bowling to Ryan Rickelton, short of good length ball, pitching outside off stump, Ryan Rickelton plays an aggressive cut shot and is beaten",1,1,0,,602206,147.50,-60.00,0,0,,25,OFF SPIN,36,CUT SHOT,0,0,4,11,103,2,Outside Off stump,Short of Good Length,0,2019-100mb00000000156-a6b6f42c44aa11 - 0,0,2,0,0,0,0,0
2EF11CE0-581C-45B5-AFF6-0BE500CB97A3,602207,5,1810,2,17,Mumbai Indians,2021-100mb00000000743-056fd8cd648611,2019-100mb00000000174-619a804244af11,Ryan Rickelton,2019-100mb00000000156-a6b6f42c44aa11,Sunil Narine,,12,Twelve,5,1,1,One,1,1,0,0,0,0,0,0,0,0,0,0,0,,,MIVSKKR31032025-MI-Inn2-Over12-Ball5.mp4,0,Over 11.5,11.5,Sunil Narine TO Ryan Rickelton,Sunil Narine to Ryan Rickelton -  ONE RUN !!!,"Sunil Narine bowling to Ryan Rickelton, short of good length ball, pitching outside off stump, Ryan Rickelton plays an aggressive on drive off the back foot for a single towards Wide Long-On","Sunil Narine bowling to Ryan Rickelton, short of good length ball, pitching outside off stump, Ryan Rickelton plays an aggressive on drive off the back foot for a single towards Wide Long-On",1,1,0,,602207,-117.50,151.00,1,0,,25,OFF SPIN,101,BACKFOOT ON DRIVE,0,0,5,11,104,2,Outside Off stump,Short of Good Length,0,2019-100mb00000000156-a6b6f42c44aa11 - 0,0,2,0,0,0,0,0
44B941C5-6FDB-490A-ABC3-4D47E9B5B588,602208,6,1810,2,17,Mumbai Indians,2019-100mb00000000174-619a804244af11,2021-100mb00000000743-056fd8cd648611,Surya Kumar Yadav,2019-100mb00000000156-a6b6f42c44aa11,Sunil Narine,,12,Twelve,6,1,1,One,1,1,0,0,0,0,0,0,0,0,0,0,0,,,MIVSKKR31032025-MI-Inn2-Over12-Ball6.mp4,0,Over 11.6,11.6,Sunil Narine TO Surya Kumar Yadav,Sunil Narine to Surya Kumar Yadav -  ONE RUN !!!,"Sunil Narine bowling to Surya Kumar Yadav, full length ball, pitching outside off stump, Surya Kumar Yadav plays an aggressive front foot flick for a single towards Deep Mid-Wicket","Sunil Narine bowling to Surya Kumar Yadav, full length ball, pitching outside off stump, Surya Kumar Yadav plays an aggressive front foot flick for a single towards Deep Mid-Wicket",1,1,0,,602208,160.00,56.50,1,0,,25,OFF SPIN,40,FRONTFOOT FLICK,0,0,6,11,105,2,Outside Off stump,Full Length,0,2019-100mb00000000156-a6b6f42c44aa11 - 0,0,2,0,0,0,0,0
AC880D39-F9F2-4FE2-B806-F4664321CBE2,602209,1,1810,2,17,Mumbai Indians,2019-100mb00000000174-619a804244af11,2021-100mb00000000743-056fd8cd648611,Surya Kumar Yadav,2019-100mb00000000141-e67c41d144a711,Andre Russell,,13,Thirteen,1,4,4,Four,4,0,0,0,0,0,0,0,0,0,1,0,0,,,MIVSKKR31032025-MI-Inn2-Over13-Ball1.mp4,0,Over 12.1,12.1,Andre Russell TO Surya Kumar Yadav,Andre Russell to Surya Kumar Yadav - FOUR RUNS !!!,"Andre Russell bowling to Surya Kumar Yadav, short of good length ball, pitching outside off stump, Surya Kumar Yadav plays an aggressive pull shot on the back foot for 4 runs towards Deep Mid-Wicket","<p>Andre Russell bowling to Surya Kumar Yadav, <span style=""color:#2980b9""><strong>POWERPACKED! <img alt="""" src=""https://bcci-stats-sports-mechanic.s3.amazonaws.com/matchcentre/images/commentary/smiley/four.png"" style=""height:23px; width:23px"" title="""" />&nbsp;</strong></span>short of good length ball, pitching outside off stump, Surya Kumar Yadav hangs back and hoicks this one for a four!</p>
",1,1,0,,602209,193.00,86.50,4,0,,38,STRAIGHT BALL,58,BACKFOOT PULL SHOT,0,0,1,12,109,2,Outside Off stump,Short of Good Length,1,2019-100mb00000000141-e67c41d144a711 - 0,0,2,0,0,0,0,0
8910DDCC-9AB3-4D4B-9225-3F2EF3EAD3AC,602210,2,1810,2,17,Mumbai Indians,2019-100mb00000000174-619a804244af11,2021-100mb00000000743-056fd8cd648611,Surya Kumar Yadav,2019-100mb00000000141-e67c41d144a711,Andre Russell,,13,Thirteen,2,4,4,Four,4,0,0,0,0,0,0,0,0,0,1,0,0,,,MIVSKKR31032025-MI-Inn2-Over13-Ball2.mp4,0,Over 12.2,12.2,Andre Russell TO Surya Kumar Yadav,Andre Russell to Surya Kumar Yadav - FOUR RUNS !!!,"Andre Russell bowling to Surya Kumar Yadav, short length ball, pitching outside off stump, Surya Kumar Yadav plays an upper cut for 4 runs towards Deep Third Man","<p>Andre Russell bowling to Surya Kumar Yadav, <span style=""color:#2980b9""><strong>JUST A HIT AWAY NOW!&nbsp;<img alt="""" src=""https://bcci-stats-sports-mechanic.s3.amazonaws.com/matchcentre/images/commentary/smiley/four.png"" style=""height:23px; width:23px"" title="""" /></strong></span> short length ball, pitching outside off stump, Surya Kumar Yadav plays an uppercut and goes over the short third man for back to back boundaries!</p>
",1,1,0,,602210,-62.00,-151.50,4,0,,38,STRAIGHT BALL,31,UPPER CUT,0,0,2,12,113,2,Outside Off stump,Short Length,0,2019-100mb00000000141-e67c41d144a711 - 0,0,2,0,0,0,0,0
8D5B40D6-C894-4E48-861E-A8E597CC5546,602211,3,1810,2,17,Mumbai Indians,2019-100mb00000000174-619a804244af11,2021-100mb00000000743-056fd8cd648611,Surya Kumar Yadav,2019-100mb00000000141-e67c41d144a711,Andre Russell,,13,Thirteen,3,1,1,One,1,1,0,0,0,0,0,0,0,0,0,0,0,,,MIVSKKR31032025-MI-Inn2-Over13-Ball3.mp4,0,Over 12.3,12.3,Andre Russell TO Surya Kumar Yadav,Andre Russell to Surya Kumar Yadav -  ONE RUN !!!,"Andre Russell bowling to Surya Kumar Yadav, full length ball, pitching on leg stump, Surya Kumar Yadav plays an aggressive front foot flick for a single towards Country","Andre Russell bowling to Surya Kumar Yadav, full length ball, pitching on leg stump, Surya Kumar Yadav plays an aggressive front foot flick for a single towards Country",1,1,0,,602211,157.00,82.00,1,0,,39,ANGLED IN,40,FRONTFOOT FLICK,0,0,3,12,114,2,Leg stump,Full Length,0,2019-100mb00000000141-e67c41d144a711 - 0,0,2,0,0,0,0,0
2E6BBC5F-E136-4267-A67C-E63AB5779749,602212,4,1810,2,17,Mumbai Indians,2021-100mb00000000743-056fd8cd648611,2019-100mb00000000174-619a804244af11,Ryan Rickelton,2019-100mb00000000141-e67c41d144a711,Andre Russell,,13,Thirteen,4,1,1,One,1,1,0,0,0,0,0,0,0,0,0,0,0,,,MIVSKKR31032025-MI-Inn2-Over13-Ball4.mp4,0,Over 12.4,12.4,Andre Russell TO Ryan Rickelton,Andre Russell to Ryan Rickelton -  ONE RUN !!!,"Andre Russell bowling to Ryan Rickelton, short length ball, pitching outside leg stump, Ryan Rickelton plays an aggressive cut shot for a single towards Point","Andre Russell bowling to Ryan Rickelton, short length ball, pitching outside leg stump, Ryan Rickelton plays an aggressive cut shot for a single towards Point",1,1,0,,602212,90.50,-27.50,1,0,,38,STRAIGHT BALL,36,CUT SHOT,0,0,4,12,115,2,Outside Leg stump,Short Length,0,2019-100mb00000000141-e67c41d144a711 - 0,0,2,0,0,0,0,0
1263045B-C558-44A8-974D-9B33599F4329,602213,5,1810,2,17,Mumbai Indians,2019-100mb00000000174-619a804244af11,2021-100mb00000000743-056fd8cd648611,Surya Kumar Yadav,2019-100mb00000000141-e67c41d144a711,Andre Russell,,13,Thirteen,5,6,6,Six,6,0,0,0,0,0,0,0,0,0,0,1,0,,,MIVSKKR31032025-MI-Inn2-Over13-Ball5.mp4,0,Over 12.5,12.5,Andre Russell TO Surya Kumar Yadav,Andre Russell to Surya Kumar Yadav - SIX RUNS !!!,"Andre Russell bowling to Surya Kumar Yadav, good length ball, pitching outside off stump, Surya Kumar Yadav uncomfortably  plays an aggressive front foot flick for 6 runs","<p>Andre Russell bowling to Surya Kumar Yadav, <span style=""color:#2980b9""><strong>WHAT A WAY TO END THE GAME!&nbsp;<img alt="""" src=""https://bcci-stats-sports-mechanic.s3.amazonaws.com/matchcentre/images/commentary/smiley/six.png"" style=""height:23px; width:23px"" title="""" /></strong></span> good length ball, pitching outside off stump, Surya Kumar Yadav comes inside the line of the ball and pulls it behind for maximum!</p> <blockquote class=""twitter-tweet""><p lang=""en"" dir=""ltr"">A different &#39;Monday Blues&#39; for <a href=""https://twitter.com/mipaltan?ref_src=twsrc%5Etfw"">@mipaltan</a> ????<a href=""https://twitter.com/hashtag/MI?src=hash&amp;ref_src=twsrc%5Etfw"">#MI</a> register a convincing 8?-wicket victory over <a href=""https://twitter.com/hashtag/KKR?src=hash&amp;ref_src=twsrc%5Etfw"">#KKR</a> and are up and away in <a href=""https://twitter.com/hashtag/TATAIPL?src=hash&amp;ref_src=twsrc%5Etfw"">#TATAIPL</a> ????????<br><br>Scorecard ? <a href=""https://t.co/iEwchzEpDk"">https://t.co/iEwchzEpDk</a><a href=""https://twitter.com/hashtag/MIvKKR?src=hash&amp;ref_src=twsrc%5Etfw"">#MIvKKR</a> <a href=""https://t.co/FtEfP0HDtJ"">pic.twitter.com/FtEfP0HDtJ</a></p>&mdash; IndianPremierLeague (@IPL) <a href=""https://twitter.com/IPL/status/1906754956230885641?ref_src=twsrc%5Etfw"">March 31, 2025</a></blockquote> <script async src=""https://platform.twitter.com/widgets.js"" charset=""utf-8""></script> 
",1,1,0,,602213,20.50,-160.50,6,0,,39,ANGLED IN,40,FRONTFOOT FLICK,0,0,5,12,121,2,Outside Off stump,Good Length,0,2019-100mb00000000141-e67c41d144a711 - 0,0,2,0,0,0,0,0
,,,1810,2,,,,,,,,,13,,99,,,,,,,,,,,,,,,,,,,,,,,,,,"<p><strong><span style=""color:#2980b9"">DOMINATING VICTORY BY THE MUMBAI INDIANS AT THEIR HOME GROUND! THEY REGISTER THEIR FIRST WIN THIS SEASON!&nbsp;<img alt="""" src=""https://bcci-stats-sports-mechanic.s3.amazonaws.com/matchcentre/images/commentary/smiley/explosion.png"" style=""height:23px; width:23px"" title="""" /></span></strong></p>
",,,,,,,,,,,,,,,,,,,,,,,,,,,,,,,
